id,type,x,y,key
1, FWJCT,2915,18009,0
2, FWJCT,8229,53731,1
3, FWJCT,8330,53898,2
4, FWJCT,6017,49262,3
5, FWJCT,4654,46478,4
6, FWJCT,4664,34284,5
7, FWJCT,5241,29005,6
8, FWJCT,4096,16907,7
9, FWJCT,5299,54376,8
10, FWJCT,4697,17164,9
11, FWJCT,2667,19133,10
12, FWJCT,10161,49777,11
13, FWJCT,7537,54058,12
14, FWJCT,7707,54627,13
15, FWJCT,7355,57837,14
16, FWJCT,7411,57551,15
17, FWJCT,6006,34257,16
18, FWJCT,5699,28994,17
19, FWJCT,4049,34256,18
20, FWJCT,6477,49560,19
21, FWJCT,2794,24391,20
22, FWJCT,18781,53215,21
23, FWJCT,7519,55971,22
24, FWJCT,3779,17177,23
25, FWJCT,7606,50554,24
26, FWJCT,7234,50070,25
27, FWJCT,4663,39520,26
28, FWJCT,7736,50063,27
29, DMOND,10161,49777,28
30, FWJCT,8421,50066,29
31, FWJCT,5854,63567,30
32, FWJCT,3383,25214,31
33, FWJCT,4365,23072,32
34, FWJCT,3975,29011,33
35, FWJCT,3753,34258,34
36, FWJCT,4864,34279,35
37, FWJCT,4924,39528,36
38, FWJCT,4314,39527,37
39, FWJCT,6121,49462,38
40, FWJCT,6323,49842,39
41, FWJCT,5261,39517,40
42, FWJCT,4693,28487,41
43, DMOND,18781,53215,42
44, FWJCT,9469,53653,43
45, FWJCT,14701,53468,44
46, FWJCT,4589,25294,45
47, FWJCT,4635,24013,46
48, FWJCT,4610,20865,47
49, FWJCT,3988,18336,48
50, FWJCT,4565,19886,49
51, FWJCT,4473,19680,50
52, FWJCT,3367,17284,51
53, FWJCT,7570,51964,52
54, FWJCT,7326,28773,53
55, FWJCT,5975,25038,54
56, FWJCT,3143,17700,55
57, FWJCT,2921,18068,56
59, FWJCT,3314,17521,57
60, FWJCT,5472,25038,58
61, FWJCT,3252,31470,59
62, FWJCT,3243,31816,60
63, FWJCT,2953,16105,61
65, FWJCT,3624,17317,62
66, FWJCT,4362,45990,63
67, FWJCT,3934,18366,64
68, FWJCT,7866,53745,65
69, FWJCT,2487,18480,66
70, FWJCT,4357,46386,67
71, FWJCT,7434,54839,68
72, FWJCT,5656,79730,69
73, FWJCT,3220,18063,70
74, FWJCT,4384,47271,71
75, FWJCT,4384,47739,72
76, FWJCT,6043,51423,73
77, FWJCT,2661,29017,74
78, FWJCT,4204,18908,75
79, FWJCT,7515,56820,76
80, FWJCT,7525,55056,77
81, FWJCT,5566,71480,78
82, FWJCT,5749,49948,79
83, DMOND,7326,28773,80
84, FWJCT,5571,51427,81
85, FWJCT,3644,16684,82
86, FWJCT,5712,81218,83
87, FWJCT,5639,69320,84
88, FWJCT,6232,54178,85
89, FWJCT,5308,54411,86
90, FWJCT,16766,53153,87
91, DMDND,5712,81218,88
92, FWJCT,4702,56502,89
93, FWJCT,4702,57088,90
94, FWJCT,5204,34269,91
95, FWJCT,4273,36734,92
96, FWJCT,3026,16814,93
97, FWJCT,4272,37081,94
98, FWJCT,4011,17652,95
99, FWJCT,718,34502,96
100, FWJCT,4555,39537,97
101, FWJCT,15568,53433,98
102, FWJCT,8724,53744,99
103, FWJCT,6653,62475,100
104, FWJCT,7323,58262,101
105, FWJCT,5520,76645,102
106, FWJCT,5481,71882,103
107, DMOND,718,34502,104
108, FWJCT,3985,16970,105
109, FWJCT,4204,23715,106
110, FWJCT,3860,23715,107
111, FWJCT,19124,53576,108
112, FWJCT,1528,29170,109
114, FWJCT,4456,23708,110
115, FWJCT,7475,34132,111
116, FWJCT,5818,38197,112
117, FWJCT,5378,38200,113
118, FWJCT,7183,52473,114
119, FWJCT,4511,24803,115
120, FWJCT,3446,52201,116
121, FWJCT,2956,52198,117
122, FWJCT,5024,23727,118
123, FWJCT,4769,23752,119
125, FWJCT,7183,52988,120
126, FWJCT,4999,58256,121
127, FWJCT,4733,58513,122
128, FWJCT,8789,51415,123
129, FWJCT,5353,23691,124
130, FWJCT,8184,51413,125
131, FWJCT,3220,37556,126
132, FWJCT,4848,24778,127
134, FWJCT,5755,23704,128
135, FWJCT,3084,23785,129
136, FWJCT,4185,34251,130
137, FWJCT,4598,23652,131
138, FWJCT,4626,25292,132
139, FWJCT,5580,67959,133
140, FWJCT,12426,53505,134
141, FWJCT,6857,50387,135
142, FWJCT,7392,60649,136
143, FWJCT,2651,37556,137
144, FWJCT,7939,55121,138
145, FWJCT,3896,58330,139
146, FWJCT,7939,55550,140
147, FWJCT,785,24008,141
148, FWJCT,2692,15040,142
149, FWJCT,2753,15039,143
151, FWJCT,3528,17541,144
153, FWJCT,4647,20504,145
154, FWJCT,4261,18887,146
155, FWJCT,3529,18124,147
156, FWJCT,5792,81195,148
157, FWJCT,4647,20865,149
158, FWJCT,4603,22114,150
159, FWJCT,4578,27412,151
160, FWJCT,4557,28158,152
161, FWJCT,4622,26126,153
162, FWJCT,4493,29788,154
163, FWJCT,4447,32985,155
164, FWJCT,4615,27412,156
165, FWJCT,5757,23384,157
166, FWJCT,3607,23727,158
167, FWJCT,6272,23740,159
168, FWJCT,4160,18184,160
169, FWJCT,7259,53984,161
170, FWJCT,7539,51503,162
171, FWJCT,1626,39549,163
172, FWJCT,6440,62831,164
173, FWJCT,7555,55970,165
174, FWJCT,4509,29043,166
175, FWJCT,16781,53532,167
176, FWJCT,8719,53708,168
177, FWJCT,13862,53451,169
178, FWJCT,9468,53617,170
179, FWJCT,15201,53358,171
180, FWJCT,10734,53569,172
181, FWJCT,16105,53535,173
182, FWJCT,13707,53505,174
183, DMDND,19124,53576,175
184, DMOND,1528,29170,176
185, FWJCT,15114,53488,177
186, FWJCT,7459,57553,178
187, FWJCT,10734,53605,179
188, FWJCT,7561,55056,180
189, FWJCT,5693,80645,181
190, FWJCT,7271,54019,182
191, FWJCT,12424,53554,183
192, FWJCT,18662,53514,184
193, FWJCT,17657,53477,185
194, FWJCT,18341,53492,186
195, FWJCT,18382,53188,187
196, FWJCT,17182,53150,188
197, FWJCT,6240,54214,189
198, FWJCT,5608,78799,190
199, FWJCT,15639,53293,191
200, FWJCT,15887,53228,192
201, FWJCT,6761,63763,193
202, FWJCT,5169,62876,194
203, FWJCT,5376,73128,195
204, FWJCT,5436,74585,196
205, FWJCT,5391,66480,197
206, FWJCT,7262,59143,198
207, FWJCT,5670,70239,199
208, FWJCT,5633,68906,200
209, FWJCT,5654,69840,201
210, FWJCT,7366,60654,202
211, FWJCT,7288,59140,203
212, FWJCT,7552,56769,204
213, FWJCT,6699,62501,205
214, FWJCT,2889,18480,206
215, FWJCT,8984,53602,207
216, FWJCT,6877,54340,208
218, FWJCT,4305,29014,209
219, FWJCT,3121,50190,210
220, FWJCT,6588,50246,211
221, FWJCT,7573,54057,212
222, FWJCT,6187,28994,213
223, FWJCT,4585,26127,214
224, FWJCT,4436,34094,215
225, FWJCT,4636,23818,216
226, FWJCT,4467,30924,217
227, FWJCT,3036,29014,218
228, FWJCT,4599,20509,219
229, DMOND,7475,34132,220
230, FWJCT,5596,34262,221
231, FWJCT,4624,29001,222
232, FWJCT,2944,39537,223
233, FWJCT,5994,39509,224
234, FWJCT,4072,39539,225
235, DMOND,785,24008,226
236, FWJCT,4598,16454,227
238, FWJCT,16276,53173,228
239, FWJCT,5808,62352,229
240, FWJCT,7362,63210,230
241, FWJCT,6418,61846,231
242, FWJCT,4644,63506,232
243, FWJCT,6437,64622,233
244, FWJCT,7839,62666,234
245, FWJCT,9977,57760,235
246, FWJCT,4494,32986,236
247, FWJCT,3038,16082,237
248, FWJCT,4739,22663,238
249, FWJCT,4424,35435,239
250, FWJCT,4467,34441,240
251, FWJCT,4472,35434,241
252, FWJCT,4436,37878,242
253, FWJCT,4485,38014,243
254, FWJCT,4447,38256,244
255, FWJCT,4536,39153,245
256, FWJCT,4538,38580,246
257, FWJCT,4745,40903,247
258, FWJCT,4749,40391,248
259, FWJCT,4783,42012,249
260, FWJCT,4817,42487,250
261, FWJCT,4740,43246,251
262, FWJCT,4703,44465,252
263, FWJCT,4735,45024,253
264, FWJCT,6321,59352,254
265, FWJCT,3880,44400,255
266, FWJCT,7244,44600,256
267, FWJCT,163,39769,257
268, FWJCT,4594,28154,258
269, FWJCT,4530,29788,259
270, FWJCT,4512,30924,260
271, FWJCT,4475,36067,261
272, FWJCT,4705,46471,262
273, FWJCT,6141,49081,263
274, FWJCT,6519,49215,264
275, FWJCT,7647,51457,265
276, FWJCT,7606,51964,266
277, FWJCT,7567,54557,267
278, FWJCT,7558,55660,268
279, FWJCT,5279,66103,269
280, FWJCT,5366,66077,270
281, FWJCT,8436,39353,271
282, DMOND,5792,81195,272
283, FWJCT,5763,80644,273
284, FWJCT,5726,79728,274
285, FWJCT,5678,78796,275
286, FWJCT,5590,76643,276
287, FWJCT,5494,74587,277
288, FWJCT,5434,73128,278
289, FWJCT,5712,69840,279
290, FWJCT,5661,68316,280
291, FWJCT,5691,68904,281
292, FWJCT,5697,69318,282
293, FWJCT,5614,67859,283
294, FWJCT,5539,71890,284
295, FWJCT,5624,71489,285
296, FWJCT,5728,70240,286
297, FWJCT,4598,23255,287
298, FWJCT,5342,66888,288
299, FWJCT,7218,61602,289
300, FWJCT,14782,53416,290
301, FWJCT,10592,73272,291
302, FWJCT,10666,73219,292
303, FWJCT,7446,53616,293
304, FWJCT,2832,12,294
306, FWJCT,9243,53391,295
307, FWJCT,2391,1,296
308, FWJCT,6855,56547,297
309, FWJCT,15121,43679,298
310, FWJCT,8035,52822,299
311, FWJCT,7669,51994,300
312, FWJCT,7530,50964,301
313, FWJCT,10101,53593,302
314, FWJCT,7521,55660,303
315, FWJCT,15276,43701,304
316, FWJCT,4147,16338,305
317, FWJCT,4142,15161,306
318, FWJCT,7472,52950,307
319, FWJCT,7355,50801,308
320, FWJCT,7183,50510,309
321, FWJCT,7457,50991,310
322, FWJCT,4223,14867,311
323, FWJCT,7501,52628,312
324, FWJCT,7485,51389,313
325, FWJCT,7492,51958,314
326, FWJCT,8639,13138,315
327, FWJCT,6503,11048,316
328, FWJCT,6207,10976,317
329, FWJCT,6262,15698,318
330, FWJCT,4564,17279,319
331, FWJCT,9772,53722,320
332, FWJCT,6660,18305,321
333, FWJCT,3772,18861,322
334, FWJCT,1042,18664,323
335, FWJCT,6924,54177,324
336, FWJCT,6401,54273,325
337, FWJCT,7362,52963,326
338, FWJCT,5380,19592,327
339, FWJCT,6940,53843,328
340, FWJCT,5595,20932,329
345, FWJCT,15314,52155,330
346, FWJCT,15293,51756,331
349, FWJCT,12795,53491,332
352, FWJCT,15197,52209,333
353, FWJCT,15213,51709,334
355, FWJCT,15227,44198,335
356, FWJCT,15281,51151,336
357, FWJCT,15188,44199,337
358, FWJCT,15234,51151,338
359, FWJCT,15217,51528,339
360, FWJCT,6129,63500,340
361, FWJCT,5463,64274,341
362, FWJCT,5522,64301,342
363, FWJCT,5848,63829,343
364, FWJCT,5823,63192,344
365, FWJCT,6604,62836,345
366, DMOND,6761,63763,346
367, DMOND,5169,62876,347
368, FWJCT,6462,62576,348
369, FWJCT,5408,21764,349
370, FWJCT,6033,62965,350
371, FWJCT,6904,62102,351
372, DMOND,5808,62352,352
373, DMOND,7362,63210,353
374, FWJCT,6320,63725,354
375, FWJCT,5662,63020,355
376, FWJCT,6752,62662,356
377, FWJCT,6895,63160,357
378, FWJCT,7143,62267,358
379, DMOND,6418,61846,359
380, FWJCT,6898,62433,360
381, FWJCT,7171,61959,361
382, FWJCT,6304,62515,362
383, FWJCT,6191,62888,363
384, FWJCT,3487,19846,364
385, FWJCT,6043,63118,365
386, FWJCT,3879,20545,366
387, DMOND,4644,63506,367
388, FWJCT,5676,64212,368
389, FWJCT,6218,63211,369
390, FWJCT,5186,63654,370
391, FWJCT,5469,63492,371
392, DMOND,6437,64622,372
393, FWJCT,5632,63644,373
394, FWJCT,2324,20716,374
395, FWJCT,6075,64624,375
396, FWJCT,2668,21949,376
397, DMOND,7839,62666,377
398, FWJCT,6807,61913,378
399, FWJCT,7464,62608,379
400, FWJCT,7645,58039,380
401, FWJCT,7586,58278,381
402, FWJCT,3406,22357,382
403, FWJCT,2673,22582,383
404, FWJCT,5012,22534,384
405, FWJCT,7312,59494,385
406, FWJCT,7810,57987,386
407, FWJCT,7257,23674,387
408, FWJCT,7045,58345,388
409, FWJCT,7467,58097,389
410, FWJCT,6855,58525,390
411, FWJCT,7218,58198,391
412, FWJCT,7524,58271,392
413, FWJCT,7400,58347,393
414, FWJCT,7576,57964,394
415, FWJCT,8080,57943,395
416, FWJCT,8026,58000,396
417, FWJCT,7127,61481,397
418, FWJCT,7260,57973,398
419, FWJCT,7578,57466,399
420, FWJCT,7128,57970,400
421, FWJCT,7513,58042,401
422, FWJCT,7058,58258,402
423, FWJCT,7085,58135,403
424, FWJCT,7279,58119,404
425, FWJCT,7601,57213,405
426, DMOND,9977,57760,406
427, FWJCT,8475,57984,407
428, FWJCT,6417,58027,408
429, FWJCT,3420,58134,409
430, FWJCT,6981,61737,410
431, FWJCT,7226,61217,411
432, FWJCT,7244,61648,412
433, FWJCT,7238,57761,413
434, FWJCT,7222,58478,414
435, FWJCT,7285,58488,415
436, FWJCT,4871,58392,416
437, FWJCT,6955,58671,417
438, FWJCT,6092,26159,418
439, FWJCT,7111,58911,419
440, FWJCT,2067,26546,420
441, DMOND,6321,59352,421
442, FWJCT,5913,58050,422
443, FWJCT,6736,58656,423
444, FWJCT,7430,58841,424
445, FWJCT,7376,57356,425
446, FWJCT,7578,57046,426
447, FWJCT,8278,57924,427
448, FWJCT,6970,58363,428
449, FWJCT,6778,58413,429
450, FWJCT,6524,62181,430
451, FWJCT,5096,63567,431
452, FWJCT,5532,63146,432
453, FWJCT,4805,63843,433
454, FWJCT,5748,64270,434
455, FWJCT,5349,63858,435
456, FWJCT,5573,64453,436
457, FWJCT,6035,64000,437
458, FWJCT,5517,64019,438
459, FWJCT,5863,64156,439
460, FWJCT,5928,63830,440
461, FWJCT,5792,64079,441
462, FWJCT,3724,29384,442
463, FWJCT,3531,28708,443
464, FWJCT,6386,50108,444
465, FWJCT,7501,51154,445
466, FWJCT,7726,50307,446
467, FWJCT,6966,50066,447
468, FWJCT,6066,50131,448
469, FWJCT,6066,50108,449
470, FWJCT,5242,27886,450
471, FWJCT,8828,50057,451
472, FWJCT,7366,49746,452
473, FWJCT,6597,27508,453
474, FWJCT,7179,31522,454
475, FWJCT,3741,30210,455
476, FWJCT,1494,31831,456
477, FWJCT,5227,44788,457
478, FWJCT,4302,44804,458
479, FWJCT,4529,44774,459
480, FWJCT,4900,44815,460
481, FWJCT,4314,44397,461
482, FWJCT,3410,32864,462
483, FWJCT,2544,32807,463
484, FWJCT,4451,43825,464
485, FWJCT,5053,48265,465
486, FWJCT,5089,48245,466
487, FWJCT,4975,44757,467
488, DMOND,3880,44400,468
489, DMOND,7244,44600,469
490, FWJCT,4047,44801,470
491, FWJCT,4259,45143,471
492, FWJCT,1423,37071,472
493, FWJCT,4477,45792,473
494, FWJCT,7669,36735,474
495, FWJCT,2971,44400,475
496, FWJCT,3010,44825,476
497, FWJCT,4435,44650,477
498, FWJCT,4922,35674,478
499, FWJCT,4505,44462,479
500, FWJCT,6136,35501,480
501, FWJCT,5698,47496,481
502, FWJCT,1528,40996,482
503, FWJCT,5023,44978,483
504, FWJCT,4878,45127,484
505, FWJCT,3332,40947,485
506, FWJCT,5076,45120,486
507, FWJCT,2134,42404,487
508, FWJCT,4893,45727,488
509, FWJCT,4717,46061,489
510, FWJCT,7252,41893,490
511, FWJCT,4969,44440,491
512, FWJCT,3392,43560,492
513, FWJCT,4964,43650,493
514, DMOND,163,39769,494
515, FWJCT,5612,39507,495
516, DMOND,8436,39353,496
517, FWJCT,4788,40743,497
520, FWJCT,4773,39206,498
521, FWJCT,48,45231,499
522, FWJCT,5897,16667,500
523, FWJCT,4667,38877,501
524, FWJCT,909,46530,502
525, FWJCT,4352,39234,503
526, FWJCT,4395,38801,504
528, FWJCT,6940,45926,505
529, FWJCT,971,47869,506
531, FWJCT,7014,47313,507
532, FWJCT,1658,34266,508
533, FWJCT,2942,34260,509
534, FWJCT,4782,34671,510
535, FWJCT,2143,49134,511
536, FWJCT,8141,48422,512
537, FWJCT,4634,35473,513
538, FWJCT,4944,33882,514
539, FWJCT,8607,48422,515
540, FWJCT,4211,49582,516
541, FWJCT,4640,33346,517
542, FWJCT,4617,50674,518
543, FWJCT,4742,34409,519
544, FWJCT,1139,50473,520
545, FWJCT,2297,52705,521
546, FWJCT,4606,34527,522
547, FWJCT,10181,52453,523
548, FWJCT,4157,33712,524
549, FWJCT,2349,55795,525
550, FWJCT,10204,55136,526
551, FWJCT,4272,33143,527
552, FWJCT,4452,32434,528
553, FWJCT,4150,34098,529
554, FWJCT,2805,57024,530
555, FWJCT,5388,58229,531
556, FWJCT,4265,33966,532
557, FWJCT,2323,58579,533
558, FWJCT,4052,34551,534
559, FWJCT,2916,58896,535
560, FWJCT,4057,58515,536
561, FWJCT,4257,35000,537
562, FWJCT,8963,58849,538
563, FWJCT,4769,29000,539
564, FWJCT,5546,57671,540
565, FWJCT,6546,57270,541
566, FWJCT,4419,28516,542
567, FWJCT,7895,56829,543
568, FWJCT,9568,56455,544
569, FWJCT,4674,29756,545
570, FWJCT,4512,30357,546
571, FWJCT,4476,30356,547
572, FWJCT,4651,28011,548
573, FWJCT,3389,22028,549
574, FWJCT,5157,23263,550
575, FWJCT,4373,29790,551
576, FWJCT,6138,22952,552
577, FWJCT,3388,19835,553
578, FWJCT,4477,28249,554
579, FWJCT,4970,24236,555
580, FWJCT,4569,27785,556
581, FWJCT,4739,29393,557
582, FWJCT,4331,24010,558
583, FWJCT,4323,16715,559
584, FWJCT,4912,23339,560
585, FWJCT,2499,18996,561
586, FWJCT,3928,20974,562
587, FWJCT,2603,24581,563
588, FWJCT,3521,25073,564
589, FWJCT,4304,26200,565
590, FWJCT,3833,26561,566
591, FWJCT,5485,26981,567
592, FWJCT,2918,20133,568
593, FWJCT,2906,18912,569
594, FWJCT,5927,28326,570
595, FWJCT,5423,28189,571
596, FWJCT,5316,25181,572
597, FWJCT,6121,24896,573
598, FWJCT,3216,27620,574
599, FWJCT,2853,27840,575
600, FWJCT,5931,30249,576
601, FWJCT,2587,305,577
602, FWJCT,5268,30538,578
603, FWJCT,2431,8985,579
604, FWJCT,2361,8988,580
605, FWJCT,2824,30535,581
606, FWJCT,2862,31025,582
607, FWJCT,9138,71522,583
608, FWJCT,9110,71542,584
609, FWJCT,8819,71152,585
610, FWJCT,8784,71164,586
611, FWJCT,10055,72589,587
612, FWJCT,10031,72614,588
613, DMDND,10592,73272,589
614, DMOND,10666,73219,590
615, FWJCT,8477,70772,591
616, FWJCT,8459,70786,592
617, FWJCT,7109,69181,593
618, FWJCT,7091,69194,594
619, FWJCT,6667,68667,595
620, FWJCT,6648,68679,596
621, FWJCT,6463,68369,597
622, FWJCT,6440,68437,598
623, FWJCT,5261,67020,599
624, FWJCT,5893,67830,600
625, FWJCT,5064,66776,601
626, FWJCT,5057,66880,602
627, FWJCT,4709,66379,603
628, FWJCT,4653,66485,604
629, FWJCT,3334,31930,605
630, FWJCT,3153,31349,606
631, FWJCT,2811,32355,607
632, FWJCT,3123,32387,608
633, FWJCT,5853,32888,609
634, FWJCT,5286,32828,610
635, FWJCT,3158,33552,611
636, FWJCT,2726,33448,612
637, FWJCT,3738,33791,613
638, FWJCT,3851,34465,614
639, FWJCT,5289,34461,615
640, FWJCT,5286,34062,616
641, FWJCT,2511,37706,617
642, FWJCT,5895,67592,618
643, FWJCT,3185,35482,619
644, FWJCT,5523,66875,620
645, FWJCT,5884,67956,621
646, FWJCT,2787,35518,622
647, FWJCT,3372,37410,623
648, FWJCT,5435,66998,624
649, FWJCT,5943,38096,625
650, FWJCT,7479,69646,626
651, FWJCT,5248,38342,627
652, FWJCT,3539,39398,628
653, FWJCT,3381,39744,629
654, FWJCT,5339,40325,630
655, FWJCT,947,55960,631
656, FWJCT,932,55926,632
657, FWJCT,2402,55245,633
658, FWJCT,2391,55212,634
659, FWJCT,2005,55383,635
660, FWJCT,1991,55350,636
661, FWJCT,3001,55065,637
662, FWJCT,2988,55031,638
663, FWJCT,4127,54727,639
664, FWJCT,4115,54693,640
665, FWJCT,4631,54583,641
666, FWJCT,5943,40083,642
667, FWJCT,4231,42375,643
668, DMDND,2832,12,644
669, DMOND,2391,1,645
670, DMOND,6855,56547,646
671, FWJCT,2651,305,647
672, FWJCT,3850,41975,648
673, FWJCT,5748,68009,649
674, FWJCT,5414,43489,650
675, FWJCT,5831,42871,651
676, FWJCT,5481,68024,652
677, FWJCT,4524,47915,653
678, FWJCT,5150,66755,654
679, FWJCT,4528,47138,655
680, FWJCT,4431,46495,656
681, FWJCT,5133,67224,657
682, FWJCT,4454,45888,658
683, FWJCT,5956,48576,659
684, FWJCT,5422,48933,660
685, FWJCT,2832,52332,661
686, FWJCT,6682,56733,662
687, FWJCT,6894,62000,663
688, FWJCT,5974,63350,664
689, FWJCT,4978,63674,665
690, FWJCT,5860,64387,666
691, FWJCT,7615,57516,667
692, FWJCT,5649,63942,668
693, FWJCT,5995,63432,669
694, FWJCT,8015,50066,670
695, FWJCT,5649,44521,671
696, FWJCT,4319,29336,672
697, FWJCT,7019,49436,673
698, FWJCT,3573,52098,674
699, FWJCT,5860,52642,675
700, FWJCT,12892,53536,676
701, FWJCT,4645,22185,677
702, FWJCT,5426,51566,678
703, FWJCT,6213,51294,679
704, FWJCT,15254,49591,680
705, FWJCT,15263,50148,681
706, FWJCT,15223,45951,682
707, FWJCT,15224,48051,683
708, FWJCT,15221,47652,684
709, FWJCT,15224,45250,685
710, FWJCT,15252,52050,686
711, FWJCT,15188,48050,687
712, FWJCT,15215,49589,688
713, FWJCT,15215,50151,689
714, FWJCT,15185,45951,690
715, FWJCT,15188,47650,691
716, FWJCT,15187,45251,692
717, DMOND,15121,43679,693
718, DMDND,15276,43701,694
719, FWJCT,15208,49151,695
720, FWJCT,15245,49150,696
721, FWJCT,10209,53527,697
722, FWJCT,7488,57145,698
723, FWJCT,8041,51584,699
724, FWJCT,8936,51278,700
725, DMOND,4147,16338,701
726, FWJCT,4901,16038,702
727, FWJCT,5075,15819,703
728, FWJCT,4761,16605,704
729, FWJCT,4397,16296,705
730, FWJCT,5298,15344,706
731, FWJCT,4847,16785,707
732, FWJCT,4908,17139,708
733, FWJCT,4317,16685,709
734, FWJCT,5992,14056,710
735, FWJCT,4926,16060,711
736, FWJCT,4973,15221,712
737, DMOND,4142,15161,713
738, DMDND,4223,14867,714
739, FWJCT,5557,15479,715
740, FWJCT,5944,14032,716
741, FWJCT,5493,14943,717
742, FWJCT,6268,13232,718
743, FWJCT,6148,13581,719
744, FWJCT,6374,12730,720
745, FWJCT,6332,12733,721
746, FWJCT,6534,13254,722
747, DMOND,8639,13138,723
748, DMDND,6503,11048,724
749, DMOND,6207,10976,725
750, FWJCT,5046,52681,726
751, FWJCT,4713,53052,727
752, FWJCT,4382,15064,728
753, FWJCT,4379,15070,729
754, FWJCT,7044,52320,730
755, FWJCT,7322,53160,731
756, DMOND,6262,15698,732
757, FWJCT,4947,17626,733
758, FWJCT,4979,18076,734
759, FWJCT,4978,18449,735
760, DMOND,4564,17279,736
761, FWJCT,4950,17425,737
762, FWJCT,4887,16837,738
763, FWJCT,5004,18043,739
764, FWJCT,4541,18468,740
765, FWJCT,4286,18492,741
766, FWJCT,4186,18531,742
767, FWJCT,3882,18532,743
768, FWJCT,3332,18486,744
769, FWJCT,4972,19401,745
770, FWJCT,5006,18869,746
771, FWJCT,4975,19776,747
772, FWJCT,5367,18459,748
773, DMOND,6660,18305,749
774, DMOND,3772,18861,750
775, FWJCT,3917,18711,751
776, DMOND,1042,18664,752
777, FWJCT,5169,19772,753
778, DMOND,5380,19592,754
779, FWJCT,4661,19777,755
780, FWJCT,4964,20704,756
781, FWJCT,4985,20176,757
782, FWJCT,4972,21087,758
783, FWJCT,5395,21079,759
784, DMOND,5595,20932,760
785, FWJCT,4472,21091,761
786, FWJCT,5174,22054,762
787, DMOND,5408,21764,763
788, FWJCT,5013,21470,764
789, FWJCT,5021,21691,765
790, FWJCT,4027,21405,766
791, FWJCT,3953,21551,767
792, FWJCT,4602,21087,768
793, FWJCT,2956,19872,769
794, FWJCT,2948,20551,770
795, FWJCT,3559,21799,771
796, FWJCT,3009,21808,772
797, FWJCT,2993,21392,773
798, FWJCT,2989,20961,774
799, FWJCT,3984,19816,775
800, FWJCT,3020,54038,776
801, FWJCT,3335,20413,777
802, DMOND,3487,19846,778
803, DMOND,3879,20545,779
804, FWJCT,3953,53859,780
805, FWJCT,5520,54117,781
806, DMOND,2324,20716,782
807, FWJCT,2557,20554,783
808, FWJCT,3534,20182,784
809, FWJCT,3665,20424,785
810, FWJCT,3405,19975,786
811, FWJCT,3127,20560,787
812, DMOND,2668,21949,788
813, FWJCT,2842,21810,789
814, FWJCT,3055,22447,790
815, FWJCT,3063,22618,791
816, FWJCT,3045,22246,792
817, FWJCT,3027,22246,793
818, FWJCT,3019,21944,794
819, FWJCT,3066,23340,795
820, DMOND,3406,22357,796
821, DMOND,2673,22582,797
822, FWJCT,3279,22447,798
823, FWJCT,2847,22449,799
824, FWJCT,3097,23426,800
825, DMOND,5012,22534,801
826, FWJCT,4992,22312,802
827, FWJCT,5413,22402,803
828, FWJCT,5727,23321,804
829, FWJCT,5304,22308,805
830, FWJCT,5359,21978,806
831, DMOND,7257,23674,807
832, FWJCT,3062,26359,808
833, FWJCT,3089,24193,809
834, FWJCT,3055,26056,810
835, FWJCT,3070,26821,811
836, FWJCT,3020,28450,812
837, FWJCT,1838,23780,813
838, FWJCT,2565,23783,814
839, FWJCT,1357,23793,815
840, FWJCT,944,23816,816
841, FWJCT,3346,23756,817
842, FWJCT,1208,18477,818
843, FWJCT,6451,18465,819
844, FWJCT,8426,13255,820
845, FWJCT,6300,11141,821
846, FWJCT,6354,11143,822
847, FWJCT,7096,23777,823
848, FWJCT,5698,26371,824
849, FWJCT,5674,26059,825
850, FWJCT,5765,24182,826
851, FWJCT,5714,25038,827
852, FWJCT,5727,24799,828
853, FWJCT,5710,26769,829
854, FWJCT,5676,28605,830
855, DMOND,6092,26159,831
856, FWJCT,5892,26368,832
857, FWJCT,4715,26371,833
858, FWJCT,5480,26372,834
859, FWJCT,3291,26371,835
860, DMOND,2067,26546,836
861, FWJCT,2227,26367,837
862, FWJCT,2790,26369,838
863, FWJCT,3452,29010,839
864, FWJCT,3611,29011,840
865, FWJCT,2991,31635,841
866, FWJCT,3014,30324,842
867, FWJCT,3038,29344,843
868, FWJCT,3008,30004,844
869, FWJCT,1709,29012,845
870, FWJCT,3028,28732,846
871, FWJCT,7144,29000,847
872, FWJCT,5648,31664,848
873, FWJCT,5644,31395,849
874, DMOND,3724,29384,850
875, DMOND,3531,28708,851
876, FWJCT,3607,29251,852
877, FWJCT,3612,28832,853
878, FWJCT,3610,29123,854
879, FWJCT,6068,15760,855
880, FWJCT,5683,27480,856
881, FWJCT,5703,28063,857
882, FWJCT,5694,27675,858
883, DMOND,5242,27886,859
884, DMOND,6597,27508,860
885, FWJCT,5489,27686,861
886, FWJCT,6350,27674,862
887, FWJCT,5848,27675,863
888, DMOND,7179,31522,864
889, FWJCT,5702,29276,865
890, DMOND,3741,30210,866
891, FWJCT,3264,30329,867
892, FWJCT,2988,31208,868
893, FWJCT,3600,30350,869
894, FWJCT,3018,30739,870
895, DMOND,1494,31831,871
896, DMOND,3410,32864,872
897, FWJCT,5593,33870,873
898, FWJCT,2958,32945,874
899, FWJCT,3322,32957,875
900, FWJCT,3102,32958,876
901, FWJCT,3218,32956,877
902, FWJCT,2966,32465,878
903, FWJCT,2991,32172,879
904, FWJCT,2324,31642,880
905, FWJCT,2703,31643,881
906, FWJCT,5313,31662,882
907, FWJCT,3244,31647,883
908, FWJCT,2934,33761,884
909, DMOND,2544,32807,885
910, FWJCT,2785,32944,886
911, FWJCT,2698,32937,887
912, FWJCT,2963,33401,888
913, FWJCT,6975,31677,889
914, FWJCT,5976,31667,890
915, FWJCT,5656,31951,891
916, FWJCT,1666,31643,892
917, FWJCT,3437,34258,893
918, FWJCT,952,34264,894
919, FWJCT,7310,34264,895
920, FWJCT,5631,33200,896
921, FWJCT,2933,36896,897
922, FWJCT,2952,34691,898
923, FWJCT,2932,36473,899
924, FWJCT,2929,39067,900
925, FWJCT,3308,39538,901
926, FWJCT,5603,36894,902
927, FWJCT,5597,35576,903
928, FWJCT,5601,34785,904
929, FWJCT,5581,35193,905
930, FWJCT,5617,35829,906
931, FWJCT,5591,36692,907
932, FWJCT,5612,37124,908
933, FWJCT,5598,39258,909
934, DMOND,1423,37071,910
935, DMOND,7669,36735,911
936, FWJCT,1609,36892,912
937, FWJCT,2728,36899,913
938, FWJCT,3295,36888,914
939, FWJCT,5385,36894,915
940, FWJCT,2952,37281,916
941, FWJCT,7467,36897,917
942, FWJCT,5801,36891,918
943, DMOND,4922,35674,919
944, FWJCT,6044,35575,920
945, FWJCT,5063,35573,921
946, FWJCT,6175,53761,922
947, FWJCT,8754,54304,923
948, FWJCT,5729,35577,924
949, FWJCT,8389,54747,925
950, DMOND,6136,35501,926
951, FWJCT,5148,55719,927
952, FWJCT,965,39563,928
953, FWJCT,297,39570,929
954, FWJCT,2678,39540,930
955, FWJCT,2968,42197,931
956, FWJCT,2961,40859,932
957, FWJCT,2954,40059,933
958, FWJCT,2938,40510,934
959, FWJCT,2968,41197,935
960, FWJCT,2945,41738,936
961, FWJCT,5656,44775,937
962, FWJCT,5631,42153,938
963, FWJCT,5624,39749,939
964, FWJCT,5624,41930,940
965, FWJCT,8270,39497,941
966, DMOND,1528,40996,942
967, DMOND,3332,40947,943
968, FWJCT,3174,40859,944
969, FWJCT,1643,40880,945
970, FWJCT,2759,40853,946
971, FWJCT,3972,42174,947
972, FWJCT,4678,55306,948
973, FWJCT,3336,42201,949
974, FWJCT,5368,42156,950
975, DMOND,2134,42404,951
976, FWJCT,2314,42198,952
977, FWJCT,2641,42197,953
978, FWJCT,3000,43189,954
979, FWJCT,3012,44174,955
980, FWJCT,2995,43741,956
981, FWJCT,3054,44605,957
982, FWJCT,2980,42591,958
983, FWJCT,2979,43277,959
984, DMOND,7252,41893,960
985, FWJCT,5640,42357,961
986, FWJCT,6942,42154,962
987, FWJCT,5839,42149,963
988, FWJCT,3528,44813,964
989, DMOND,3392,43560,965
990, DMOND,48,45231,966
991, FWJCT,165,44934,967
992, FWJCT,2315,44891,968
993, FWJCT,5233,17389,969
994, DMOND,5897,16667,970
995, FWJCT,5064,17614,971
996, FWJCT,4989,17685,972
997, FWJCT,5812,16856,973
998, FWJCT,2813,44844,974
999, FWJCT,2608,44862,975
1000, FWJCT,2819,44925,976
1001, FWJCT,2971,44610,977
1002, FWJCT,3304,44819,978
1003, FWJCT,3059,47526,979
1004, FWJCT,3029,45401,980
1005, FWJCT,3049,45044,981
1006, FWJCT,3787,44807,982
1007, FWJCT,2977,45044,983
1008, FWJCT,3030,46202,984
1009, FWJCT,3017,46004,985
1010, FWJCT,5676,46154,986
1011, FWJCT,5666,45020,987
1012, FWJCT,5663,45938,988
1013, FWJCT,5467,44777,989
1014, FWJCT,5956,44774,990
1015, FWJCT,4044,44600,991
1016, FWJCT,7106,44773,992
1017, FWJCT,5079,22110,993
1018, FWJCT,3118,43665,994
1019, FWJCT,8066,55678,995
1020, FWJCT,7795,54962,996
1021, FWJCT,4541,56278,997
1022, FWJCT,2978,42969,998
1023, FWJCT,3142,43738,999
1024, FWJCT,6290,44774,1000
1025, FWJCT,4901,57292,1001
1026, DMOND,909,46530,1002
1027, FWJCT,3045,46418,1003
1028, FWJCT,1219,46255,1004
1029, FWJCT,2366,46220,1005
1030, FWJCT,3045,47285,1006
1031, FWJCT,4358,46178,1007
1032, FWJCT,3686,46189,1008
1033, FWJCT,5015,46165,1009
1034, DMOND,6940,45926,1010
1035, FWJCT,6697,46131,1011
1036, FWJCT,5691,46358,1012
1037, FWJCT,5689,47261,1013
1038, DMOND,971,47869,1014
1039, FWJCT,1331,47573,1015
1040, FWJCT,2787,47534,1016
1041, FWJCT,3103,48877,1017
1042, FWJCT,3075,47755,1018
1043, FWJCT,3091,48722,1019
1044, FWJCT,5487,47498,1020
1045, FWJCT,3292,47520,1021
1046, DMOND,7014,47313,1022
1047, FWJCT,6845,47470,1023
1048, FWJCT,5914,47490,1024
1049, FWJCT,4435,50159,1025
1050, FWJCT,5761,50135,1026
1051, FWJCT,5512,50140,1027
1052, FWJCT,5717,47674,1028
1053, FWJCT,5773,50402,1029
1054, FWJCT,3463,50182,1030
1055, FWJCT,4270,50163,1031
1056, FWJCT,4627,50155,1032
1057, FWJCT,3110,49833,1033
1058, DMOND,2143,49134,1034
1059, FWJCT,2290,48895,1035
1060, FWJCT,2852,48886,1036
1061, FWJCT,3121,49407,1037
1062, DMOND,8141,48422,1038
1063, FWJCT,8468,51413,1039
1064, DMDND,8607,48422,1040
1065, FWJCT,8407,48717,1041
1066, FWJCT,8407,49723,1042
1067, FWJCT,8479,52392,1043
1068, FWJCT,8441,50471,1044
1069, FWJCT,8455,51204,1045
1070, FWJCT,8388,48718,1046
1071, FWJCT,8465,50827,1047
1072, FWJCT,9891,50030,1048
1073, DMOND,4211,49582,1049
1074, DMOND,4617,50674,1050
1075, FWJCT,5810,51425,1051
1076, FWJCT,4445,50499,1052
1077, FWJCT,4428,49829,1053
1078, DMOND,1139,50473,1054
1079, FWJCT,1450,50191,1055
1080, FWJCT,2763,50174,1056
1081, FWJCT,3182,51966,1057
1082, FWJCT,3167,52039,1058
1083, FWJCT,3143,51089,1059
1084, FWJCT,3125,51092,1060
1085, FWJCT,3136,50500,1061
1086, FWJCT,3305,54567,1062
1087, FWJCT,3226,52874,1063
1088, FWJCT,3216,52388,1064
1089, DMOND,2297,52705,1065
1090, FWJCT,5865,52797,1066
1091, FWJCT,2538,52899,1067
1092, FWJCT,2959,52881,1068
1093, FWJCT,4542,52840,1069
1094, FWJCT,4000,53015,1070
1095, FWJCT,4330,52914,1071
1096, FWJCT,3576,53014,1072
1097, FWJCT,3424,52943,1073
1098, FWJCT,3785,53018,1074
1099, FWJCT,3442,52498,1075
1100, FWJCT,3570,52812,1076
1101, FWJCT,3329,52391,1077
1102, FWJCT,3644,54549,1078
1103, FWJCT,3641,54014,1079
1104, FWJCT,3285,54025,1080
1105, FWJCT,3595,53216,1081
1106, FWJCT,3221,52631,1082
1107, FWJCT,3472,54557,1083
1108, FWJCT,3639,55249,1084
1109, FWJCT,3322,55259,1085
1110, FWJCT,3481,55254,1086
1111, FWJCT,4726,58688,1087
1112, FWJCT,3134,54570,1088
1113, FWJCT,3128,54923,1089
1114, FWJCT,5011,58096,1090
1115, FWJCT,3307,54737,1091
1116, FWJCT,5405,58903,1092
1117, FWJCT,4189,36618,1093
1118, FWJCT,2774,55008,1094
1119, FWJCT,4368,37187,1095
1120, FWJCT,3854,54903,1096
1121, FWJCT,3838,55238,1097
1122, FWJCT,3895,55079,1098
1123, FWJCT,3644,54900,1099
1124, FWJCT,3165,57945,1100
1125, FWJCT,4334,54798,1101
1126, DMOND,10181,52453,1102
1127, FWJCT,5975,55448,1103
1128, FWJCT,5630,52807,1104
1129, FWJCT,6045,52792,1105
1130, FWJCT,5874,52961,1106
1131, FWJCT,6526,52768,1107
1132, FWJCT,8323,52705,1108
1133, FWJCT,3718,58121,1109
1134, FWJCT,3676,56823,1110
1135, FWJCT,3375,56833,1111
1136, FWJCT,3643,55754,1112
1137, FWJCT,3637,55529,1113
1138, FWJCT,3330,55526,1114
1139, DMOND,2349,55795,1115
1140, FWJCT,5674,55460,1116
1141, FWJCT,4315,55518,1117
1142, DMOND,10204,55136,1118
1143, FWJCT,7940,55364,1119
1144, FWJCT,7284,55395,1120
1145, FWJCT,6270,55432,1121
1146, FWJCT,5317,55484,1122
1147, FWJCT,6019,56766,1123
1148, FWJCT,5985,55680,1124
1149, FWJCT,5968,55233,1125
1150, FWJCT,3976,55524,1126
1151, FWJCT,3483,55528,1127
1152, FWJCT,3128,55530,1128
1153, FWJCT,2505,55546,1129
1154, DMOND,2805,57024,1130
1155, FWJCT,5695,56773,1131
1156, FWJCT,2973,56846,1132
1157, FWJCT,4024,56815,1133
1158, FWJCT,4730,58090,1134
1159, DMOND,5388,58229,1135
1160, FWJCT,4408,58099,1136
1161, FWJCT,3922,58112,1137
1162, FWJCT,3565,58126,1138
1163, FWJCT,3136,58147,1139
1164, FWJCT,2839,58096,1140
1165, FWJCT,2608,58027,1141
1166, DMOND,2323,58579,1142
1167, FWJCT,3426,58443,1143
1168, DMDND,2916,58896,1144
1169, FWJCT,3928,57384,1145
1170, DMOND,4057,58515,1146
1171, FWJCT,3140,58710,1147
1172, FWJCT,3416,57927,1148
1173, FWJCT,6028,56994,1149
1174, FWJCT,5294,58662,1150
1175, FWJCT,5561,58053,1151
1176, FWJCT,6029,57724,1152
1177, FWJCT,6087,58048,1153
1178, FWJCT,5981,57950,1154
1179, FWJCT,6188,58045,1155
1180, FWJCT,5615,58368,1156
1181, FWJCT,5767,58213,1157
1182, FWJCT,6597,58220,1158
1183, FWJCT,6313,59068,1159
1184, FWJCT,8737,57970,1160
1185, DMOND,8963,58849,1161
1186, FWJCT,8612,55627,1162
1187, FWJCT,9828,57924,1163
1188, FWJCT,9066,57955,1164
1189, FWJCT,8773,58659,1165
1190, FWJCT,8755,58314,1166
1191, FWJCT,8664,56832,1167
1192, FWJCT,8723,57696,1168
1193, FWJCT,8274,57975,1169
1194, FWJCT,6029,57456,1170
1195, FWJCT,6028,57225,1171
1196, DMOND,5546,57671,1172
1197, DMOND,6546,57270,1173
1198, FWJCT,6384,57437,1174
1199, FWJCT,5707,57454,1175
1200, FWJCT,8710,52692,1176
1201, FWJCT,8496,52699,1177
1202, FWJCT,8899,55313,1178
1203, FWJCT,8606,55327,1179
1204, FWJCT,8273,55346,1180
1205, FWJCT,8551,54013,1181
1206, FWJCT,8598,55028,1182
1207, FWJCT,8507,52962,1183
1208, FWJCT,9965,52640,1184
1209, FWJCT,10042,55268,1185
1210, DMOND,7895,56829,1186
1211, DMOND,9568,56455,1187
1212, FWJCT,8649,56443,1188
1213, FWJCT,8656,56644,1189
1214, FWJCT,8012,56673,1190
1215, FWJCT,9388,56609,1191
1216, FWJCT,6247,62453,1192
1218, FWJCT,5043,15776,1193
1219, FWJCT,4502,66135,1194
1220, FWJCT,4298,66075,1195
1221, FWJCT,2901,19549,1196
1222, FWJCT,693,55795,1197
1223, FWJCT,540,56461,1198
1224, DMOND,3389,22028,1199
1225, FWJCT,3028,22140,1200
1226, FWJCT,3247,22137,1201
1227, FWJCT,5693,23090,1202
1228, FWJCT,5717,23094,1203
1229, FWJCT,5597,22724,1204
1230, FWJCT,5583,22746,1205
1231, DMOND,5157,23263,1206
1232, FWJCT,5345,23089,1207
1233, DMOND,6138,22952,1208
1234, FWJCT,5980,23091,1209
1235, FWJCT,5651,22923,1210
1236, FWJCT,3055,19874,1211
1237, DMOND,3388,19835,1212
1238, FWJCT,3218,19797,1213
1239, FWJCT,2936,19435,1214
1240, FWJCT,2921,19110,1215
1241, FWJCT,2877,18813,1216
1242, FWJCT,2885,19129,1217
1243, FWJCT,8626,13411,1218
1244, DMOND,2499,18996,1219
1245, FWJCT,6140,15962,1220
1246, FWJCT,2967,20163,1221
1247, FWJCT,2911,19862,1222
1248, FWJCT,4394,16075,1223
1249, FWJCT,4206,21175,1224
1250, DMOND,3928,20974,1225
1251, FWJCT,4113,21020,1226
1252, FWJCT,3084,25215,1227
1253, FWJCT,3083,24675,1228
1254, FWJCT,3084,24396,1229
1255, FWJCT,4539,17091,1230
1256, FWJCT,3063,24805,1231
1257, FWJCT,3054,24389,1232
1258, FWJCT,3066,24129,1233
1259, DMOND,2603,24581,1234
1260, FWJCT,3059,25430,1235
1261, FWJCT,3059,25742,1236
1262, FWJCT,3077,25732,1237
1263, FWJCT,3075,26053,1238
1264, FWJCT,6039,16889,1239
1265, DMOND,3521,25073,1240
1266, FWJCT,4424,26371,1241
1267, DMOND,4304,26200,1242
1268, FWJCT,1028,18303,1243
1269, FWJCT,4023,18875,1244
1270, FWJCT,3722,26372,1245
1271, DMOND,3833,26561,1246
1272, FWJCT,5707,27082,1247
1273, FWJCT,5665,26774,1248
1274, DMOND,5485,26981,1249
1275, FWJCT,5701,28505,1250
1276, DMOND,5927,28326,1251
1277, FWJCT,5683,28225,1252
1278, FWJCT,5683,27994,1253
1279, DMOND,5423,28189,1254
1280, FWJCT,5705,24781,1255
1281, FWJCT,5717,25422,1256
1282, DMOND,5316,25181,1257
1283, DMOND,6121,24896,1258
1284, FWJCT,5726,24106,1259
1285, FWJCT,3074,27700,1260
1286, FWJCT,3040,27488,1261
1287, DMOND,3216,27620,1262
1288, FWJCT,3020,27700,1263
1289, FWJCT,3045,28357,1264
1290, FWJCT,3053,27916,1265
1291, DMOND,2853,27840,1266
1292, FWJCT,2995,30928,1267
1293, FWJCT,5674,30543,1268
1294, FWJCT,5672,30165,1269
1295, FWJCT,5686,29874,1270
1296, FWJCT,5674,30353,1271
1297, DMOND,5931,30249,1272
1298, DMOND,5268,30538,1273
1299, FWJCT,5436,30352,1274
1300, FWJCT,5679,29581,1275
1301, FWJCT,2983,30465,1276
1302, DMOND,2824,30535,1277
1303, DMOND,2862,31025,1278
1304, FWJCT,3012,31234,1279
1305, FWJCT,6652,18689,1280
1306, FWJCT,3493,31650,1281
1307, DMOND,3334,31930,1282
1308, DMOND,3153,31349,1283
1309, FWJCT,3369,31649,1284
1310, FWJCT,2486,19303,1285
1311, FWJCT,3005,32486,1286
1312, FWJCT,2973,32236,1287
1313, FWJCT,2982,31936,1288
1314, DMOND,2811,32355,1289
1315, DMOND,3123,32387,1290
1316, FWJCT,5651,32325,1291
1317, FWJCT,5623,32766,1292
1318, FWJCT,5624,32986,1293
1319, DMOND,5853,32888,1294
1320, DMOND,5286,32828,1295
1321, FWJCT,5440,32987,1296
1322, FWJCT,5636,32328,1297
1323, DMOND,3158,33552,1298
1324, FWJCT,2949,33318,1299
1325, DMOND,2726,33448,1300
1326, DMOND,3738,33791,1301
1327, DMOND,3851,34465,1302
1328, FWJCT,3901,34257,1303
1329, FWJCT,3781,33966,1304
1330, FWJCT,3755,34098,1305
1331, FWJCT,5389,34234,1306
1332, DMOND,5289,34461,1307
1333, FWJCT,5377,34305,1308
1334, DMOND,5286,34062,1309
1335, FWJCT,2930,35363,1310
1336, DMOND,2511,37706,1311
1337, FWJCT,2926,35926,1312
1338, FWJCT,2943,36232,1313
1339, FWJCT,2936,35580,1314
1340, FWJCT,2942,35794,1315
1341, FWJCT,2948,35130,1316
1342, DMOND,3185,35482,1317
1343, DMOND,2787,35518,1318
1344, FWJCT,2929,34917,1319
1345, FWJCT,2953,34917,1320
1346, FWJCT,3301,19638,1321
1347, FWJCT,5380,19972,1322
1348, FWJCT,3269,19961,1323
1349, FWJCT,3084,35578,1324
1350, FWJCT,2514,34268,1325
1351, FWJCT,2935,34640,1326
1352, FWJCT,2954,36442,1327
1353, FWJCT,2947,36038,1328
1354, FWJCT,2315,20421,1329
1355, FWJCT,3662,20651,1330
1356, FWJCT,4186,20836,1331
1357, FWJCT,2953,38456,1332
1358, FWJCT,2929,38000,1333
1359, DMOND,3372,37410,1334
1360, FWJCT,2956,39109,1335
1361, FWJCT,2929,38636,1336
1362, FWJCT,2931,37314,1337
1363, FWJCT,2941,37555,1338
1364, FWJCT,2951,37786,1339
1365, FWJCT,2951,38252,1340
1366, FWJCT,2929,38233,1341
1367, FWJCT,2941,38876,1342
1368, FWJCT,2637,38237,1343
1369, FWJCT,5603,21263,1344
1370, FWJCT,2952,38097,1345
1371, FWJCT,2668,21635,1346
1372, FWJCT,3377,22224,1347
1373, FWJCT,2673,22328,1348
1374, FWJCT,3429,22542,1349
1375, FWJCT,5614,33731,1350
1376, FWJCT,5611,38396,1351
1377, FWJCT,5600,38018,1352
1378, FWJCT,5605,38197,1353
1379, FWJCT,5613,38935,1354
1380, DMOND,5943,38096,1355
1381, FWJCT,5606,35956,1356
1382, FWJCT,5605,36596,1357
1383, FWJCT,5602,37436,1358
1384, DMOND,5248,38342,1359
1385, FWJCT,3618,39541,1360
1386, FWJCT,4788,22368,1361
1387, DMOND,3539,39398,1362
1388, FWJCT,3463,39540,1363
1389, FWJCT,3845,39540,1364
1390, DMOND,3381,39744,1365
1391, DMOND,5339,40325,1366
1392, DMOND,5943,40083,1367
1393, FWJCT,5617,39938,1368
1394, FWJCT,5630,41499,1369
1395, FWJCT,5631,41787,1370
1396, FWJCT,5622,40204,1371
1397, FWJCT,5628,41367,1372
1398, FWJCT,5764,40201,1373
1399, FWJCT,5475,40202,1374
1400, FWJCT,5561,22018,1375
1401, FWJCT,5128,23025,1376
1402, FWJCT,5624,40479,1377
1403, FWJCT,4099,42174,1378
1404, FWJCT,3772,42183,1379
1405, FWJCT,4281,42168,1380
1406, DMOND,4231,42375,1381
1407, DMOND,3850,41975,1382
1408, FWJCT,6146,23232,1383
1409, FWJCT,3496,42197,1384
1410, FWJCT,785,23675,1385
1411, FWJCT,7250,23949,1386
1412, FWJCT,5646,43647,1387
1413, DMOND,5414,43489,1388
1414, FWJCT,5636,42562,1389
1415, FWJCT,5639,42978,1390
1416, FWJCT,5658,44344,1391
1417, FWJCT,2587,24234,1392
1418, FWJCT,3549,25375,1393
1419, FWJCT,5300,24902,1394
1420, DMOND,5831,42871,1395
1421, FWJCT,6133,25195,1396
1422, FWJCT,5672,45817,1397
1423, FWJCT,5658,45156,1398
1424, FWJCT,2045,26208,1399
1425, FWJCT,4502,26200,1400
1426, FWJCT,3619,26561,1401
1427, DMOND,4524,47915,1402
1428, DMOND,4528,47138,1403
1429, DMOND,4431,46495,1404
1430, DMOND,4454,45888,1405
1431, FWJCT,5699,47156,1406
1432, FWJCT,5687,46486,1407
1433, FWJCT,5691,46822,1408
1434, FWJCT,4383,47510,1409
1435, FWJCT,5735,48794,1410
1436, DMOND,5956,48576,1411
1437, FWJCT,5759,49794,1412
1438, FWJCT,5711,47799,1413
1439, FWJCT,5743,49133,1414
1440, DMOND,5422,48933,1415
1441, FWJCT,3218,52199,1416
1442, DMOND,2832,52332,1417
1443, DMOND,3573,52098,1418
1444, DMOND,5426,51566,1419
1445, DMOND,6213,51294,1420
1446, FWJCT,8480,51611,1421
1447, DMOND,8041,51584,1422
1448, DMOND,8936,51278,1423
1449, FWJCT,5164,52825,1424
1450, DMOND,5046,52681,1425
1451, FWJCT,4853,52832,1426
1452, FWJCT,4402,52869,1427
1453, FWJCT,4492,52974,1428
1454, DMOND,4713,53052,1429
1455, FWJCT,7183,52745,1430
1456, DMOND,7044,52320,1431
1457, DMOND,7322,53160,1432
1458, FWJCT,3289,54183,1433
1459, DMOND,3020,54038,1434
1460, DMOND,3953,53859,1435
1461, FWJCT,5916,53927,1436
1462, FWJCT,5902,53541,1437
1463, FWJCT,5883,53038,1438
1464, FWJCT,5961,55045,1439
1465, FWJCT,5857,52458,1440
1466, FWJCT,5800,51235,1441
1467, FWJCT,5816,51589,1442
1468, FWJCT,5821,51752,1443
1469, DMOND,5520,54117,1444
1470, DMOND,6175,53761,1445
1471, FWJCT,8579,54631,1446
1472, FWJCT,8560,54224,1447
1473, FWJCT,8589,54813,1448
1474, FWJCT,8570,54429,1449
1475, DMOND,8754,54304,1450
1476, DMOND,8389,54747,1451
1477, FWJCT,4827,55502,1452
1478, FWJCT,5166,55488,1453
1479, FWJCT,4662,55507,1454
1480, FWJCT,4987,55495,1455
1481, DMOND,5148,55719,1456
1482, DMOND,4678,55306,1457
1483, DMOND,8066,55678,1458
1484, DMOND,7795,54962,1459
1485, FWJCT,7745,55373,1460
1486, FWJCT,8125,55354,1461
1487, FWJCT,4702,56799,1462
1488, DMOND,4541,56278,1463
1489, DMOND,4901,57292,1464
1490, FWJCT,4783,58288,1465
1491, FWJCT,4997,58517,1466
1492, FWJCT,5193,58632,1467
1493, FWJCT,5095,58592,1468
1494, FWJCT,4733,58170,1469
1495, DMOND,4726,58688,1470
1496, DMOND,5011,58096,1471
1497, DMOND,5405,58903,1472
1498, FWJCT,4272,36896,1473
1499, FWJCT,3777,36893,1474
1500, FWJCT,4827,36896,1475
1501, DMOND,4189,36618,1476
1502, DMOND,4368,37187,1477
1503, FWJCT,3400,57503,1478
1504, FWJCT,3697,57494,1479
1505, FWJCT,3413,57822,1480
1506, DMOND,3165,57945,1481
1507, DMOND,3928,57384,1482
1508, FWJCT,3525,56828,1483
1509, FWJCT,6092,26565,1484
1510, FWJCT,5479,26653,1485
1511, FWJCT,2853,27614,1486
1512, FWJCT,3229,27809,1487
1513, FWJCT,5248,27510,1488
1514, FWJCT,6537,27880,1489
1515, FWJCT,5410,27900,1490
1516, FWJCT,5957,28639,1491
1517, FWJCT,1528,28856,1492
1518, FWJCT,3717,28719,1493
1519, FWJCT,3499,29385,1494
1520, FWJCT,7371,29204,1495
1521, FWJCT,2824,30376,1496
1522, FWJCT,3741,30516,1497
1523, FWJCT,5263,30208,1498
1524, FWJCT,5939,30510,1499
1525, FWJCT,2850,30821,1500
1526, FWJCT,3374,31351,1501
1527, FWJCT,1494,31527,1502
1528, FWJCT,3141,31935,1503
1529, FWJCT,7179,31850,1504
1530, FWJCT,2811,32132,1505
1531, FWJCT,3130,32577,1506
1532, FWJCT,2550,33029,1507
1533, FWJCT,3416,33080,1508
1534, FWJCT,5255,33132,1509
1535, FWJCT,5853,33112,1510
1536, FWJCT,2733,33200,1511
1537, FWJCT,3173,33280,1512
1538, FWJCT,706,34039,1513
1539, FWJCT,3940,33868,1514
1540, FWJCT,3641,34461,1515
1541, FWJCT,5462,34052,1516
1542, FWJCT,5458,34480,1517
1543, FWJCT,7482,34426,1518
1544, FWJCT,2807,35679,1519
1545, FWJCT,3175,35674,1520
1546, FWJCT,4922,35466,1521
1547, FWJCT,6144,35661,1522
1548, FWJCT,1410,36703,1523
1549, FWJCT,7669,37066,1524
1550, FWJCT,2517,37398,1525
1551, FWJCT,3392,37728,1526
1552, FWJCT,5223,38059,1527
1553, FWJCT,5956,38325,1528
1554, FWJCT,104,39336,1529
1555, FWJCT,3736,39418,1530
1556, FWJCT,3214,39734,1531
1557, FWJCT,8426,39678,1532
1558, FWJCT,1518,40720,1533
1559, FWJCT,3322,40739,1534
1560, FWJCT,5332,40061,1535
1561, FWJCT,5949,40362,1536
1562, FWJCT,2146,42026,1537
1563, FWJCT,4039,41938,1538
1564, FWJCT,3994,42372,1539
1565, FWJCT,7229,42448,1540
1566, FWJCT,3376,43875,1541
1567, FWJCT,5427,43817,1542
1568, FWJCT,5869,43124,1543
1569, FWJCT,1,44711,1544
1570, FWJCT,4164,44391,1545
1571, FWJCT,7244,44903,1546
1572, FWJCT,909,45966,1547
1573, FWJCT,4269,45891,1548
1574, FWJCT,4259,46491,1549
1575, FWJCT,6940,46370,1550
1576, FWJCT,953,47255,1551
1577, FWJCT,4244,47131,1552
1578, FWJCT,4225,47921,1553
1579, FWJCT,7003,47660,1554
1580, FWJCT,2069,48681,1555
1581, FWJCT,5466,49333,1556
1582, FWJCT,5896,48963,1557
1583, FWJCT,1145,49841,1558
1584, FWJCT,4635,49564,1559
1585, FWJCT,4286,50687,1560
1586, FWJCT,10206,50321,1561
1587, FWJCT,2822,52061,1562
1588, FWJCT,3583,52322,1563
1589, FWJCT,5408,51288,1564
1590, FWJCT,6227,51576,1565
1591, FWJCT,8014,51278,1566
1592, FWJCT,8962,51603,1567
1593, FWJCT,2303,53075,1568
1594, FWJCT,4470,53181,1569
1595, FWJCT,5291,52678,1570
1596, FWJCT,7324,52307,1571
1597, FWJCT,7044,53179,1572
1598, FWJCT,10175,52865,1573
1599, FWJCT,3036,54341,1574
1600, FWJCT,3981,54175,1575
1601, FWJCT,5471,53814,1576
1602, FWJCT,6214,54002,1577
1603, FWJCT,8389,54559,1578
1604, FWJCT,8763,54543,1579
1605, FWJCT,2304,55408,1580
1606, FWJCT,4959,55283,1581
1607, FWJCT,4878,55736,1582
1608, FWJCT,8092,54947,1583
1609, FWJCT,7812,55686,1584
1610, FWJCT,10209,55419,1585
1611, FWJCT,2798,56685,1586
1612, FWJCT,4872,56271,1587
1613, FWJCT,4534,57302,1588
1614, FWJCT,6878,56906,1589
1615, FWJCT,7873,56544,1590
1616, FWJCT,9580,56783,1591
1617, FWJCT,5532,57312,1592
1618, FWJCT,6574,57639,1593
1619, FWJCT,2053,58044,1594
1620, FWJCT,4555,58515,1595
1621, FWJCT,5169,58264,1596
1622, FWJCT,5376,57924,1597
1623, FWJCT,6039,59162,1598
1624, FWJCT,10003,58069,1599
1625, FWJCT,8628,58875,1600
1626, FWJCT,6704,61598,1601
1627, FWJCT,7591,63000,1602
1628, FWJCT,6151,62037,1603
1629, FWJCT,6933,63553,1604
1630, FWJCT,5522,62495,1605
1631, FWJCT,6304,64145,1606
1632, FWJCT,5073,63086,1607
1633, FWJCT,6046,64975,1608
1634, FWJCT,5140,58868,1609
1635, FWJCT,4371,36618,1610
1636, FWJCT,4163,37193,1611
1637, FWJCT,3158,57722,1612
1638, FWJCT,3928,57665,1613
1897, DMDND,4502,66135,1614
1898, DMOND,4298,66075,1615
1900, FWJCT,4482,66268,1616
1901, DMDND,693,55795,1617
1902, DMOND,540,56461,1618
1904, FWJCT,673,56154,1619
1914, FWJCT,3415,34279,1620
1915, FWJCT,2880,18248,1621
1916, FWJCT,2935,36079,1622
1917, FWJCT,5558,62909,1623
1919, FWJCT,5702,53940,1624
1920, FWJCT,6060,53921,1625
1921, DMDND,8626,13411,1626
1922, DMDND,6140,15962,1627
1923, DMDND,4394,16075,1628
1924, DMDND,4539,17091,1629
1925, DMDND,6039,16889,1630
1926, DMDND,1028,18303,1631
1927, DMDND,4023,18875,1632
1928, DMDND,6652,18689,1633
1929, DMDND,2486,19303,1634
1930, DMDND,3301,19638,1635
1931, DMDND,5380,19972,1636
1932, DMDND,3269,19961,1637
1933, DMDND,2315,20421,1638
1934, DMDND,3662,20651,1639
1935, DMDND,4186,20836,1640
1936, DMDND,5603,21263,1641
1937, DMDND,2668,21635,1642
1938, DMDND,3377,22224,1643
1939, DMDND,2673,22328,1644
1940, DMDND,3429,22542,1645
1941, DMDND,4788,22368,1646
1942, DMDND,5561,22018,1647
1943, DMDND,5128,23025,1648
1944, DMDND,6146,23232,1649
1945, DMDND,785,23675,1650
1946, DMDND,7250,23949,1651
1947, DMDND,2587,24234,1652
1948, DMDND,3549,25375,1653
1949, DMDND,5300,24902,1654
1950, DMDND,6133,25195,1655
1951, DMDND,2045,26208,1656
1952, DMDND,4502,26200,1657
1953, DMDND,3619,26561,1658
1954, DMDND,6092,26565,1659
1955, DMDND,5479,26653,1660
1956, DMDND,2853,27614,1661
1957, DMDND,3229,27809,1662
1958, DMDND,5248,27510,1663
1959, DMDND,6537,27880,1664
1960, DMDND,5410,27900,1665
1961, DMDND,5957,28639,1666
1962, DMDND,1528,28856,1667
1963, DMDND,3717,28719,1668
1964, DMDND,3499,29385,1669
1965, DMDND,7371,29204,1670
1966, DMDND,2824,30376,1671
1967, DMDND,3741,30516,1672
1968, DMDND,5263,30208,1673
1969, DMDND,5939,30510,1674
1970, DMDND,2850,30821,1675
1971, DMDND,3374,31351,1676
1972, DMDND,1494,31527,1677
1973, DMDND,3141,31935,1678
1974, DMDND,7179,31850,1679
1975, DMDND,2811,32132,1680
1976, DMDND,3130,32577,1681
1977, DMDND,2550,33029,1682
1978, DMDND,3416,33080,1683
1979, DMDND,5255,33132,1684
1980, DMDND,5853,33112,1685
1981, DMDND,2733,33200,1686
1982, DMDND,3173,33280,1687
1983, DMDND,706,34039,1688
1984, DMDND,3940,33868,1689
1985, DMDND,3641,34461,1690
1986, DMDND,5462,34052,1691
1987, DMDND,5458,34480,1692
1988, DMDND,7482,34426,1693
1989, DMDND,2807,35679,1694
1990, DMDND,3175,35674,1695
1991, DMDND,4922,35466,1696
1992, DMDND,6144,35661,1697
1993, DMDND,1410,36703,1698
1994, DMDND,7669,37066,1699
1995, DMDND,2517,37398,1700
1996, DMDND,3392,37728,1701
1997, DMDND,5223,38059,1702
1998, DMDND,5956,38325,1703
1999, DMDND,104,39336,1704
2000, DMDND,3736,39418,1705
2001, DMDND,3214,39734,1706
2002, DMDND,8426,39678,1707
2003, DMDND,1518,40720,1708
2004, DMDND,3322,40739,1709
2005, DMDND,5332,40061,1710
2006, DMDND,5949,40362,1711
2007, DMDND,2146,42026,1712
2008, DMDND,4039,41938,1713
2009, DMDND,3994,42372,1714
2010, DMDND,7229,42448,1715
2011, DMDND,3376,43875,1716
2012, DMDND,5427,43817,1717
2013, DMDND,5869,43124,1718
2014, DMDND,1,44711,1719
2015, DMDND,4164,44391,1720
2017, DMDND,7244,44903,1721
2018, DMDND,909,45966,1722
2019, DMDND,4269,45891,1723
2020, DMDND,4259,46491,1724
2021, DMDND,6940,46370,1725
2022, DMDND,953,47255,1726
2023, DMDND,4244,47131,1727
2024, DMDND,4225,47921,1728
2025, DMDND,7003,47660,1729
2026, DMDND,2069,48681,1730
2027, DMDND,5466,49333,1731
2028, DMDND,5896,48963,1732
2029, DMDND,1145,49841,1733
2030, DMDND,4635,49564,1734
2031, DMDND,4286,50687,1735
2032, DMDND,10206,50321,1736
2033, DMDND,2822,52061,1737
2034, DMDND,3583,52322,1738
2035, DMDND,5408,51288,1739
2036, DMDND,6227,51576,1740
2037, DMDND,8014,51278,1741
2038, DMDND,8962,51603,1742
2039, DMDND,2303,53075,1743
2040, DMDND,4470,53181,1744
2041, DMDND,5291,52678,1745
2042, DMDND,7324,52307,1746
2043, DMDND,7044,53179,1747
2044, DMDND,10175,52865,1748
2045, DMDND,3036,54341,1749
2046, DMDND,3981,54175,1750
2047, DMDND,5471,53814,1751
2048, DMDND,6214,54002,1752
2049, DMDND,8389,54559,1753
2050, DMDND,8763,54543,1754
2051, DMDND,2304,55408,1755
2052, DMDND,4959,55283,1756
2053, DMDND,4878,55736,1757
2054, DMDND,8092,54947,1758
2055, DMDND,7812,55686,1759
2056, DMDND,10209,55419,1760
2057, DMDND,2798,56685,1761
2058, DMDND,4872,56271,1762
2059, DMDND,4534,57302,1763
2060, DMDND,6878,56906,1764
2061, DMDND,7873,56544,1765
2062, DMDND,9580,56783,1766
2063, DMDND,5532,57312,1767
2064, DMDND,6574,57639,1768
2065, DMDND,2053,58044,1769
2067, DMDND,4555,58515,1770
2068, DMDND,5169,58264,1771
2069, DMDND,5376,57924,1772
2070, DMDND,6039,59162,1773
2071, DMDND,10003,58069,1774
2072, DMDND,8628,58875,1775
2073, DMDND,6704,61598,1776
2074, DMDND,7591,63000,1777
2075, DMDND,6151,62037,1778
2076, DMDND,6933,63553,1779
2077, DMDND,5522,62495,1780
2078, DMDND,6304,64145,1781
2079, DMDND,5073,63086,1782
2080, DMDND,6046,64975,1783
2081, DMDND,5140,58868,1784
2082, DMDND,4371,36618,1785
2083, DMDND,4163,37193,1786
2084, DMDND,3158,57722,1787
2085, DMDND,3928,57665,1788
