attr,theta,width_confint,width_CI,t-test,pvalue,time,method,rep,objective,nrmse,theta_true,bias,fn,fp,f_type
tt,-0.868,"[-1.163, -0.574]",0.294,-4.916,0.000,5.086,ngd,1,292711510.395,0.175,-1.000,0.132,0,0,fn
c,-7.554,"[-10.355, -4.753]",2.801,-4.493,0.000,5.086,ngd,1,292711510.395,0.175,-6.000,-1.554,0,0,fn
s,-2.886,"[-4.052, -1.721]",1.166,-4.125,0.000,5.086,ngd,1,292711510.395,0.175,-3.000,0.114,0,0,fn
vot,0.115,,,,,5.086,ngd,1,292711510.395,0.175,0.167,-0.052,0,0,fn
tt,-1.187,"[-1.512, -0.861]",0.326,-6.070,0.000,5.397,lm,1,174698240.630,0.135,-1.000,-0.187,0,0,fn
c,-7.549,"[-9.798, -5.301]",2.248,-5.594,0.000,5.397,lm,1,174698240.630,0.135,-6.000,-1.549,0,0,fn
s,-4.068,"[-5.287, -2.849]",1.219,-5.559,0.000,5.397,lm,1,174698240.630,0.135,-3.000,-1.068,0,0,fn
vot,0.157,,,,,5.397,lm,1,174698240.630,0.135,0.167,-0.009,0,0,fn
tt,-1.187,"[-1.512, -0.861]",0.326,-6.070,0.000,10.613,ngd+lm,1,174698240.629,0.135,-1.000,-0.187,0,0,fn
c,-7.549,"[-9.798, -5.301]",2.248,-5.594,0.000,10.613,ngd+lm,1,174698240.629,0.135,-6.000,-1.549,0,0,fn
s,-4.068,"[-5.287, -2.849]",1.219,-5.559,0.000,10.613,ngd+lm,1,174698240.629,0.135,-3.000,-1.068,0,0,fn
vot,0.157,,,,,10.613,ngd+lm,1,174698240.629,0.135,0.167,-0.009,0,0,fn
tt,-0.510,"[-0.749, -0.271]",0.239,-3.555,0.001,4.688,ngd,2,273415845.173,0.173,-1.000,0.490,0,0,fn
c,-4.442,"[-6.017, -2.866]",1.575,-4.697,0.000,4.688,ngd,2,273415845.173,0.173,-6.000,1.558,0,0,fn
s,-2.053,"[-2.859, -1.248]",0.805,-4.248,0.000,4.688,ngd,2,273415845.173,0.173,-3.000,0.947,0,0,fn
vot,0.115,,,,,4.688,ngd,2,273415845.173,0.173,0.167,-0.052,0,0,fn
tt,-1.004,"[-1.31, -0.698]",0.306,-5.473,0.000,5.482,lm,2,142049359.186,0.124,-1.000,-0.004,0,0,fn
c,-6.043,"[-7.805, -4.281]",1.762,-5.714,0.000,5.482,lm,2,142049359.186,0.124,-6.000,-0.043,0,0,fn
s,-3.124,"[-4.046, -2.203]",0.921,-5.649,0.000,5.482,lm,2,142049359.186,0.124,-3.000,-0.124,0,0,fn
vot,0.166,,,,,5.482,lm,2,142049359.186,0.124,0.167,-0.001,0,0,fn
tt,-1.004,"[-1.31, -0.698]",0.306,-5.473,0.000,9.984,ngd+lm,2,142049359.186,0.124,-1.000,-0.004,0,0,fn
c,-6.043,"[-7.805, -4.281]",1.762,-5.714,0.000,9.984,ngd+lm,2,142049359.186,0.124,-6.000,-0.043,0,0,fn
s,-3.124,"[-4.046, -2.203]",0.921,-5.649,0.000,9.984,ngd+lm,2,142049359.186,0.124,-3.000,-0.124,0,0,fn
vot,0.166,,,,,9.984,ngd+lm,2,142049359.186,0.124,0.167,-0.001,0,0,fn
tt,-1.149,"[-1.54, -0.759]",0.390,-4.908,0.000,4.707,ngd,3,202253409.517,0.144,-1.000,-0.149,0,0,fn
c,-7.736,"[-10.548, -4.923]",2.812,-4.582,0.000,4.707,ngd,3,202253409.517,0.144,-6.000,-1.736,0,0,fn
s,-3.103,"[-4.178, -2.027]",1.076,-4.806,0.000,4.707,ngd,3,202253409.517,0.144,-3.000,-0.103,0,0,fn
vot,0.149,,,,,4.707,ngd,3,202253409.517,0.144,0.167,-0.018,0,0,fn
tt,-1.400,"[-1.883, -0.918]",0.482,-4.839,0.000,5.324,lm,3,177624492.938,0.135,-1.000,-0.400,0,0,fn
c,-8.635,"[-11.825, -5.444]",3.191,-4.508,0.000,5.324,lm,3,177624492.938,0.135,-6.000,-2.635,0,0,fn
s,-4.043,"[-5.457, -2.629]",1.414,-4.764,0.000,5.324,lm,3,177624492.938,0.135,-3.000,-1.043,0,0,fn
vot,0.162,,,,,5.324,lm,3,177624492.938,0.135,0.167,-0.004,0,0,fn
tt,-1.400,"[-1.883, -0.918]",0.482,-4.839,0.000,10.024,ngd+lm,3,177624492.938,0.135,-1.000,-0.400,0,0,fn
c,-8.635,"[-11.825, -5.444]",3.191,-4.508,0.000,10.024,ngd+lm,3,177624492.938,0.135,-6.000,-2.635,0,0,fn
s,-4.043,"[-5.457, -2.629]",1.414,-4.764,0.000,10.024,ngd+lm,3,177624492.938,0.135,-3.000,-1.043,0,0,fn
vot,0.162,,,,,10.024,ngd+lm,3,177624492.938,0.135,0.167,-0.004,0,0,fn
tt,-1.146,"[-1.503, -0.789]",0.357,-5.349,0.000,5.094,ngd,4,281425740.850,0.173,-1.000,-0.146,0,0,fn
c,-5.627,"[-7.424, -3.83]",1.797,-5.216,0.000,5.094,ngd,4,281425740.850,0.173,-6.000,0.373,0,0,fn
s,-2.595,"[-3.459, -1.731]",0.864,-5.004,0.000,5.094,ngd,4,281425740.850,0.173,-3.000,0.405,0,0,fn
vot,0.204,,,,,5.094,ngd,4,281425740.850,0.173,0.167,0.037,0,0,fn
tt,-0.862,"[-1.085, -0.639]",0.223,-6.432,0.000,5.169,lm,4,181687925.273,0.139,-1.000,0.138,0,0,fn
c,-5.086,"[-6.419, -3.752]",1.334,-6.353,0.000,5.169,lm,4,181687925.273,0.139,-6.000,0.914,0,0,fn
s,-2.566,"[-3.237, -1.895]",0.671,-6.373,0.000,5.169,lm,4,181687925.273,0.139,-3.000,0.434,0,0,fn
vot,0.169,,,,,5.169,lm,4,181687925.273,0.139,0.167,0.003,0,0,fn
tt,-0.862,"[-1.085, -0.639]",0.223,-6.431,0.000,10.433,ngd+lm,4,181687897.810,0.139,-1.000,0.138,0,0,fn
c,-5.088,"[-6.423, -3.754]",1.335,-6.352,0.000,10.433,ngd+lm,4,181687897.810,0.139,-6.000,0.912,0,0,fn
s,-2.567,"[-3.239, -1.896]",0.671,-6.372,0.000,10.433,ngd+lm,4,181687897.810,0.139,-3.000,0.433,0,0,fn
vot,0.169,,,,,10.433,ngd+lm,4,181687897.810,0.139,0.167,0.003,0,0,fn
tt,-0.643,"[-0.829, -0.457]",0.186,-5.750,0.000,4.789,ngd,5,231881219.667,0.151,-1.000,0.357,0,0,fn
c,-4.302,"[-5.568, -3.035]",1.267,-5.658,0.000,4.789,ngd,5,231881219.667,0.151,-6.000,1.698,0,0,fn
s,-2.329,"[-2.889, -1.768]",0.561,-6.918,0.000,4.789,ngd,5,231881219.667,0.151,-3.000,0.671,0,0,fn
vot,0.149,,,,,4.789,ngd,5,231881219.667,0.151,0.167,-0.017,0,0,fn
tt,-0.786,"[-0.975, -0.598]",0.189,-6.945,0.000,5.268,lm,5,183637234.100,0.134,-1.000,0.214,0,0,fn
c,-4.673,"[-5.861, -3.486]",1.188,-6.555,0.000,5.268,lm,5,183637234.100,0.134,-6.000,1.327,0,0,fn
s,-2.279,"[-2.77, -1.788]",0.491,-7.731,0.000,5.268,lm,5,183637234.100,0.134,-3.000,0.721,0,0,fn
vot,0.168,,,,,5.268,lm,5,183637234.100,0.134,0.167,0.002,0,0,fn
tt,-0.786,"[-0.975, -0.598]",0.189,-6.945,0.000,10.201,ngd+lm,5,183637234.100,0.134,-1.000,0.214,0,0,fn
c,-4.673,"[-5.861, -3.486]",1.188,-6.555,0.000,10.201,ngd+lm,5,183637234.100,0.134,-6.000,1.327,0,0,fn
s,-2.279,"[-2.77, -1.788]",0.491,-7.731,0.000,10.201,ngd+lm,5,183637234.100,0.134,-3.000,0.721,0,0,fn
vot,0.168,,,,,10.201,ngd+lm,5,183637234.100,0.134,0.167,0.002,0,0,fn
tt,-1.424,"[-1.895, -0.953]",0.471,-5.037,0.000,5.040,ngd,6,195241719.082,0.146,-1.000,-0.424,0,0,fn
c,-7.186,"[-9.586, -4.785]",2.400,-4.987,0.000,5.040,ngd,6,195241719.082,0.146,-6.000,-1.186,0,0,fn
s,-4.097,"[-5.444, -2.751]",1.347,-5.069,0.000,5.040,ngd,6,195241719.082,0.146,-3.000,-1.097,0,0,fn
vot,0.198,,,,,5.040,ngd,6,195241719.082,0.146,0.167,0.032,0,0,fn
tt,-0.954,"[-1.239, -0.669]",0.285,-5.577,0.000,5.665,lm,6,171454902.367,0.136,-1.000,0.046,0,0,fn
c,-5.299,"[-6.945, -3.653]",1.646,-5.363,0.000,5.665,lm,6,171454902.367,0.136,-6.000,0.701,0,0,fn
s,-2.827,"[-3.652, -2.001]",0.826,-5.703,0.000,5.665,lm,6,171454902.367,0.136,-3.000,0.173,0,0,fn
vot,0.180,,,,,5.665,lm,6,171454902.367,0.136,0.167,0.013,0,0,fn
tt,-0.957,"[-1.243, -0.671]",0.286,-5.579,0.000,10.229,ngd+lm,6,171452535.269,0.136,-1.000,0.043,0,0,fn
c,-5.325,"[-6.979, -3.672]",1.654,-5.365,0.000,10.229,ngd+lm,6,171452535.269,0.136,-6.000,0.675,0,0,fn
s,-2.835,"[-3.663, -2.007]",0.828,-5.704,0.000,10.229,ngd+lm,6,171452535.269,0.136,-3.000,0.165,0,0,fn
vot,0.180,,,,,10.229,ngd+lm,6,171452535.269,0.136,0.167,0.013,0,0,fn
tt,-1.447,"[-1.927, -0.966]",0.481,-5.014,0.000,5.847,ngd,7,195934388.502,0.143,-1.000,-0.447,0,0,fn
c,-7.632,"[-10.157, -5.107]",2.525,-5.036,0.000,5.847,ngd,7,195934388.502,0.143,-6.000,-1.632,0,0,fn
s,-4.431,"[-5.945, -2.916]",1.515,-4.873,0.000,5.847,ngd,7,195934388.502,0.143,-3.000,-1.431,0,0,fn
vot,0.190,,,,,5.847,ngd,7,195934388.502,0.143,0.167,0.023,0,0,fn
tt,-1.332,"[-1.738, -0.927]",0.406,-5.473,0.000,6.586,lm,7,152544788.900,0.126,-1.000,-0.332,0,0,fn
c,-7.942,"[-10.293, -5.59]",2.351,-5.627,0.000,6.586,lm,7,152544788.900,0.126,-6.000,-1.942,0,0,fn
s,-3.985,"[-5.213, -2.756]",1.228,-5.404,0.000,6.586,lm,7,152544788.900,0.126,-3.000,-0.985,0,0,fn
vot,0.168,,,,,6.586,lm,7,152544788.900,0.126,0.167,0.001,0,0,fn
tt,-1.327,"[-1.73, -0.923]",0.403,-5.480,0.000,12.551,ngd+lm,7,152543219.806,0.126,-1.000,-0.327,0,0,fn
c,-7.909,"[-10.247, -5.571]",2.338,-5.635,0.000,12.551,ngd+lm,7,152543219.806,0.126,-6.000,-1.909,0,0,fn
s,-3.969,"[-5.191, -2.747]",1.222,-5.411,0.000,12.551,ngd+lm,7,152543219.806,0.126,-3.000,-0.969,0,0,fn
vot,0.168,,,,,12.551,ngd+lm,7,152543219.806,0.126,0.167,0.001,0,0,fn
tt,-1.390,"[-1.821, -0.96]",0.431,-5.376,0.000,5.050,ngd,8,196471125.080,0.144,-1.000,-0.390,0,0,fn
c,-7.118,"[-9.354, -4.883]",2.236,-5.304,0.000,5.050,ngd,8,196471125.080,0.144,-6.000,-1.118,0,0,fn
s,-3.791,"[-5.018, -2.564]",1.227,-5.149,0.000,5.050,ngd,8,196471125.080,0.144,-3.000,-0.791,0,0,fn
vot,0.195,,,,,5.050,ngd,8,196471125.080,0.144,0.167,0.029,0,0,fn
tt,0.119,"[-0.137, 0.375]",0.256,0.777,0.440,5.240,lm,8,2304786776.131,0.493,-1.000,1.119,1,0,fn
c,-7.179,"[-13.804, -0.554]",6.625,-1.805,0.075,5.240,lm,8,2304786776.131,0.493,-6.000,-1.179,0,0,fn
s,-3.770,"[-7.435, -0.105]",3.665,-1.714,0.091,5.240,lm,8,2304786776.131,0.493,-3.000,-0.770,0,0,fn
vot,-0.017,,,,,5.240,lm,8,2304786776.131,0.493,0.167,-0.183,0,0,fn
tt,-0.817,"[-1.012, -0.622]",0.195,-6.971,0.000,10.326,ngd+lm,8,145896952.874,0.124,-1.000,0.183,0,0,fn
c,-4.731,"[-5.879, -3.583]",1.148,-6.863,0.000,10.326,ngd+lm,8,145896952.874,0.124,-6.000,1.269,0,0,fn
s,-2.577,"[-3.207, -1.947]",0.630,-6.819,0.000,10.326,ngd+lm,8,145896952.874,0.124,-3.000,0.423,0,0,fn
vot,0.173,,,,,10.326,ngd+lm,8,145896952.874,0.124,0.167,0.006,0,0,fn
tt,-1.207,"[-1.614, -0.799]",0.407,-4.936,0.000,5.069,ngd,9,194744749.449,0.141,-1.000,-0.207,0,0,fn
c,-7.279,"[-9.633, -4.925]",2.354,-5.151,0.000,5.069,ngd,9,194744749.449,0.141,-6.000,-1.279,0,0,fn
s,-3.333,"[-4.604, -2.062]",1.271,-4.369,0.000,5.069,ngd,9,194744749.449,0.141,-3.000,-0.333,0,0,fn
vot,0.166,,,,,5.069,ngd,9,194744749.449,0.141,0.167,-0.001,0,0,fn
tt,-0.986,"[-1.299, -0.673]",0.313,-5.248,0.000,5.360,lm,9,183554814.261,0.137,-1.000,0.014,0,0,fn
c,-5.633,"[-7.41, -3.856]",1.777,-5.280,0.000,5.360,lm,9,183554814.261,0.137,-6.000,0.367,0,0,fn
s,-2.497,"[-3.416, -1.578]",0.919,-4.526,0.000,5.360,lm,9,183554814.261,0.137,-3.000,0.503,0,0,fn
vot,0.175,,,,,5.360,lm,9,183554814.261,0.137,0.167,0.008,0,0,fn
tt,-0.986,"[-1.299, -0.673]",0.313,-5.248,0.000,10.211,ngd+lm,9,183554814.260,0.137,-1.000,0.014,0,0,fn
c,-5.633,"[-7.41, -3.856]",1.777,-5.280,0.000,10.211,ngd+lm,9,183554814.260,0.137,-6.000,0.367,0,0,fn
s,-2.497,"[-3.416, -1.578]",0.919,-4.526,0.000,10.211,ngd+lm,9,183554814.260,0.137,-3.000,0.503,0,0,fn
vot,0.175,,,,,10.211,ngd+lm,9,183554814.260,0.137,0.167,0.008,0,0,fn
tt,-1.022,"[-1.518, -0.525]",0.496,-3.429,0.001,5.091,ngd,10,291503974.427,0.175,-1.000,-0.022,0,0,fn
c,-6.573,"[-9.715, -3.431]",3.142,-3.485,0.001,5.091,ngd,10,291503974.427,0.175,-6.000,-0.573,0,0,fn
s,-4.711,"[-7.049, -2.373]",2.338,-3.356,0.001,5.091,ngd,10,291503974.427,0.175,-3.000,-1.711,0,0,fn
vot,0.155,,,,,5.091,ngd,10,291503974.427,0.175,0.167,-0.011,0,0,fn
tt,-2.947,"[-7.516, 1.622]",4.569,-1.075,0.286,5.370,lm,10,1578560345.744,0.408,-1.000,-1.947,1,0,fn
c,-5.729,"[-15.291, 3.832]",9.562,-0.998,0.321,5.370,lm,10,1578560345.744,0.408,-6.000,0.271,1,0,fn
s,-4.856,"[-12.812, 3.099]",7.956,-1.017,0.313,5.370,lm,10,1578560345.744,0.408,-3.000,-1.856,1,0,fn
vot,0.514,,,,,5.370,lm,10,1578560345.744,0.408,0.167,0.348,0,0,fn
tt,-1.410,"[-2.137, -0.682]",0.727,-3.229,0.002,10.485,ngd+lm,10,213635953.250,0.150,-1.000,-0.410,0,0,fn
c,-8.344,"[-12.821, -3.867]",4.477,-3.105,0.003,10.485,ngd+lm,10,213635953.250,0.150,-6.000,-2.344,0,0,fn
s,-4.438,"[-6.621, -2.254]",2.184,-3.386,0.001,10.485,ngd+lm,10,213635953.250,0.150,-3.000,-1.438,0,0,fn
vot,0.169,,,,,10.485,ngd+lm,10,213635953.250,0.150,0.167,0.002,0,0,fn
tt,-1.069,"[-1.62, -0.518]",0.551,-3.231,0.002,4.755,ngd,11,340876043.472,0.188,-1.000,-0.069,0,0,fn
c,-7.037,"[-10.45, -3.624]",3.413,-3.435,0.001,4.755,ngd,11,340876043.472,0.188,-6.000,-1.037,0,0,fn
s,-1.567,"[-2.855, -0.278]",1.288,-2.026,0.046,4.755,ngd,11,340876043.472,0.188,-3.000,1.433,0,0,fn
vot,0.152,,,,,4.755,ngd,11,340876043.472,0.188,0.167,-0.015,0,0,fn
tt,-1.176,"[-1.843, -0.509]",0.667,-2.937,0.004,5.295,lm,11,221241503.729,0.151,-1.000,-0.176,0,0,fn
c,-7.117,"[-10.574, -3.661]",3.457,-3.430,0.001,5.295,lm,11,221241503.729,0.151,-6.000,-1.117,0,0,fn
s,-3.436,"[-5.562, -1.31]",2.126,-2.693,0.009,5.295,lm,11,221241503.729,0.151,-3.000,-0.436,0,0,fn
vot,0.165,,,,,5.295,lm,11,221241503.729,0.151,0.167,-0.001,0,0,fn
tt,-1.176,"[-1.843, -0.509]",0.667,-2.937,0.004,10.073,ngd+lm,11,221241503.728,0.151,-1.000,-0.176,0,0,fn
c,-7.117,"[-10.574, -3.661]",3.457,-3.430,0.001,10.073,ngd+lm,11,221241503.728,0.151,-6.000,-1.117,0,0,fn
s,-3.436,"[-5.562, -1.31]",2.126,-2.693,0.009,10.073,ngd+lm,11,221241503.728,0.151,-3.000,-0.436,0,0,fn
vot,0.165,,,,,10.073,ngd+lm,11,221241503.728,0.151,0.167,-0.001,0,0,fn
tt,-1.093,"[-1.611, -0.575]",0.518,-3.517,0.001,4.960,ngd,12,249009454.165,0.163,-1.000,-0.093,0,0,fn
c,-6.058,"[-9.085, -3.031]",3.027,-3.334,0.001,4.960,ngd,12,249009454.165,0.163,-6.000,-0.058,0,0,fn
s,-2.084,"[-2.958, -1.209]",0.874,-3.971,0.000,4.960,ngd,12,249009454.165,0.163,-3.000,0.916,0,0,fn
vot,0.180,,,,,4.960,ngd,12,249009454.165,0.163,0.167,0.014,0,0,fn
tt,-1.974,"[-4.319, 0.371]",2.345,-1.402,0.165,5.319,lm,12,1833279607.153,0.441,-1.000,-0.974,1,0,fn
c,-5.878,"[-13.315, 1.559]",7.437,-1.317,0.192,5.319,lm,12,1833279607.153,0.441,-6.000,0.122,1,0,fn
s,-1.387,"[-3.044, 0.271]",1.657,-1.394,0.168,5.319,lm,12,1833279607.153,0.441,-3.000,1.613,1,0,fn
vot,0.336,,,,,5.319,lm,12,1833279607.153,0.441,0.167,0.169,0,0,fn
tt,-1.711,"[-2.729, -0.693]",1.018,-2.800,0.007,10.359,ngd+lm,12,144910670.796,0.124,-1.000,-0.711,0,0,fn
c,-10.286,"[-16.531, -4.041]",6.245,-2.744,0.008,10.359,ngd+lm,12,144910670.796,0.124,-6.000,-4.286,0,0,fn
s,-4.310,"[-6.694, -1.927]",2.384,-3.013,0.004,10.359,ngd+lm,12,144910670.796,0.124,-3.000,-1.310,0,0,fn
vot,0.166,,,,,10.359,ngd+lm,12,144910670.796,0.124,0.167,-0.000,0,0,fn
tt,-0.863,"[-1.155, -0.572]",0.291,-4.935,0.000,5.127,ngd,13,262338453.438,0.167,-1.000,0.137,0,0,fn
c,-4.554,"[-6.088, -3.02]",1.534,-4.945,0.000,5.127,ngd,13,262338453.438,0.167,-6.000,1.446,0,0,fn
s,-1.770,"[-2.351, -1.19]",0.580,-5.082,0.000,5.127,ngd,13,262338453.438,0.167,-3.000,1.230,0,0,fn
vot,0.190,,,,,5.127,ngd,13,262338453.438,0.167,0.167,0.023,0,0,fn
tt,-13398.481,"[-1.04270089611371e+49, 1.04270089611371e+49]",10427008961137100057525118733144769229137333190656.000,-0.000,1.000,5.098,lm,13,2464534152.458,0.512,-1.000,-13397.481,1,0,fn
c,-18814.662,"[-9.201844342339403e+47, 9.201844342339403e+47]",920184434233940343232229052569455073125449334784.000,-0.000,1.000,5.098,lm,13,2464534152.458,0.512,-6.000,-18808.662,1,0,fn
s,-17421.159,"[-7.037006966648189e+48, 7.037006966648189e+48]",7037006966648188790146942588371555445017034096640.000,-0.000,1.000,5.098,lm,13,2464534152.458,0.512,-3.000,-17418.159,1,0,fn
vot,0.712,,,,,5.098,lm,13,2464534152.458,0.512,0.167,0.545,0,0,fn
tt,-1.541,"[-2.117, -0.966]",0.575,-4.463,0.000,10.495,ngd+lm,13,160574824.776,0.131,-1.000,-0.541,0,0,fn
c,-8.750,"[-12.103, -5.398]",3.353,-4.348,0.000,10.495,ngd+lm,13,160574824.776,0.131,-6.000,-2.750,0,0,fn
s,-4.012,"[-5.425, -2.599]",1.413,-4.732,0.000,10.495,ngd+lm,13,160574824.776,0.131,-3.000,-1.012,0,0,fn
vot,0.176,,,,,10.495,ngd+lm,13,160574824.776,0.131,0.167,0.009,0,0,fn
tt,-0.826,"[-1.295, -0.358]",0.469,-2.938,0.004,4.951,ngd,14,426580379.972,0.209,-1.000,0.174,0,0,fn
c,-7.323,"[-10.783, -3.864]",3.459,-3.527,0.001,4.951,ngd,14,426580379.972,0.209,-6.000,-1.323,0,0,fn
s,-2.637,"[-4.234, -1.041]",1.597,-2.752,0.007,4.951,ngd,14,426580379.972,0.209,-3.000,0.363,0,0,fn
vot,0.113,,,,,4.951,ngd,14,426580379.972,0.209,0.167,-0.054,0,0,fn
tt,-1.352,"[-2.158, -0.546]",0.806,-2.795,0.007,5.215,lm,14,763398397.633,0.280,-1.000,-0.352,0,0,fn
c,-7.617,"[-12.051, -3.183]",4.434,-2.862,0.005,5.215,lm,14,763398397.633,0.280,-6.000,-1.617,0,0,fn
s,-1.434,"[-2.544, -0.324]",1.110,-2.153,0.035,5.215,lm,14,763398397.633,0.280,-3.000,1.566,0,0,fn
vot,0.177,,,,,5.215,lm,14,763398397.633,0.280,0.167,0.011,0,0,fn
tt,-0.906,"[-1.173, -0.639]",0.267,-5.658,0.000,10.210,ngd+lm,14,177797531.711,0.135,-1.000,0.094,0,0,fn
c,-5.346,"[-6.838, -3.854]",1.492,-5.970,0.000,10.210,ngd+lm,14,177797531.711,0.135,-6.000,0.654,0,0,fn
s,-2.839,"[-3.722, -1.957]",0.882,-5.361,0.000,10.210,ngd+lm,14,177797531.711,0.135,-3.000,0.161,0,0,fn
vot,0.169,,,,,10.210,ngd+lm,14,177797531.711,0.135,0.167,0.003,0,0,fn
tt,-0.574,"[-0.819, -0.329]",0.245,-3.898,0.000,4.782,ngd,15,324660552.932,0.187,-1.000,0.426,0,0,fn
c,-4.732,"[-6.458, -3.006]",1.726,-4.568,0.000,4.782,ngd,15,324660552.932,0.187,-6.000,1.268,0,0,fn
s,-2.759,"[-3.838, -1.679]",1.079,-4.259,0.000,4.782,ngd,15,324660552.932,0.187,-3.000,0.241,0,0,fn
vot,0.121,,,,,4.782,ngd,15,324660552.932,0.187,0.167,-0.045,0,0,fn
tt,0.900,"[-0.507, 2.306]",1.407,1.065,0.290,5.353,lm,15,7327594065.726,0.886,-1.000,1.900,1,0,fn
c,-4.343,"[-11.795, 3.109]",7.452,-0.971,0.335,5.353,lm,15,7327594065.726,0.886,-6.000,1.657,1,0,fn
s,-2.965,"[-7.926, 1.996]",4.961,-0.996,0.323,5.353,lm,15,7327594065.726,0.886,-3.000,0.035,1,0,fn
vot,-0.207,,,,,5.353,lm,15,7327594065.726,0.886,0.167,-0.374,0,0,fn
tt,-0.872,"[-1.113, -0.63]",0.241,-6.019,0.000,10.119,ngd+lm,15,170752745.119,0.135,-1.000,0.128,0,0,fn
c,-5.451,"[-6.904, -3.998]",1.453,-6.252,0.000,10.119,ngd+lm,15,170752745.119,0.135,-6.000,0.549,0,0,fn
s,-2.742,"[-3.443, -2.041]",0.701,-6.519,0.000,10.119,ngd+lm,15,170752745.119,0.135,-3.000,0.258,0,0,fn
vot,0.160,,,,,10.119,ngd+lm,15,170752745.119,0.135,0.167,-0.007,0,0,fn
tt,-0.943,"[-1.292, -0.595]",0.348,-4.512,0.000,5.007,ngd,16,237489951.871,0.155,-1.000,0.057,0,0,fn
c,-6.803,"[-9.279, -4.327]",2.476,-4.577,0.000,5.007,ngd,16,237489951.871,0.155,-6.000,-0.803,0,0,fn
s,-3.566,"[-4.765, -2.367]",1.199,-4.954,0.000,5.007,ngd,16,237489951.871,0.155,-3.000,-0.566,0,0,fn
vot,0.139,,,,,5.007,ngd,16,237489951.871,0.155,0.167,-0.028,0,0,fn
tt,-0.916,"[-1.526, -0.306]",0.610,-2.503,0.015,5.365,lm,16,449893617.389,0.213,-1.000,0.084,0,0,fn
c,-5.930,"[-10.048, -1.812]",4.118,-2.399,0.019,5.365,lm,16,449893617.389,0.213,-6.000,0.070,0,0,fn
s,-4.993,"[-8.217, -1.77]",3.223,-2.581,0.012,5.365,lm,16,449893617.389,0.213,-3.000,-1.993,0,0,fn
vot,0.154,,,,,5.365,lm,16,449893617.389,0.213,0.167,-0.012,0,0,fn
tt,-0.932,"[-1.198, -0.665]",0.267,-5.819,0.000,10.108,ngd+lm,16,175688718.196,0.133,-1.000,0.068,0,0,fn
c,-5.619,"[-7.291, -3.946]",1.672,-5.597,0.000,10.108,ngd+lm,16,175688718.196,0.133,-6.000,0.381,0,0,fn
s,-2.647,"[-3.357, -1.938]",0.710,-6.215,0.000,10.108,ngd+lm,16,175688718.196,0.133,-3.000,0.353,0,0,fn
vot,0.166,,,,,10.108,ngd+lm,16,175688718.196,0.133,0.167,-0.001,0,0,fn
tt,-1.082,"[-1.666, -0.498]",0.584,-3.088,0.003,4.928,ngd,17,364530057.096,0.194,-1.000,-0.082,0,0,fn
c,-5.237,"[-7.971, -2.502]",2.734,-3.190,0.002,4.928,ngd,17,364530057.096,0.194,-6.000,0.763,0,0,fn
s,-2.125,"[-3.267, -0.983]",1.142,-3.100,0.003,4.928,ngd,17,364530057.096,0.194,-3.000,0.875,0,0,fn
vot,0.207,,,,,4.928,ngd,17,364530057.096,0.194,0.167,0.040,0,0,fn
tt,-1.477,"[-2.368, -0.586]",0.891,-2.761,0.007,5.274,lm,17,194858347.016,0.142,-1.000,-0.477,0,0,fn
c,-8.223,"[-12.897, -3.55]",4.674,-2.931,0.005,5.274,lm,17,194858347.016,0.142,-6.000,-2.223,0,0,fn
s,-4.353,"[-6.933, -1.772]",2.581,-2.810,0.006,5.274,lm,17,194858347.016,0.142,-3.000,-1.353,0,0,fn
vot,0.180,,,,,5.274,lm,17,194858347.016,0.142,0.167,0.013,0,0,fn
tt,-1.477,"[-2.368, -0.586]",0.891,-2.761,0.007,10.467,ngd+lm,17,194858347.089,0.142,-1.000,-0.477,0,0,fn
c,-8.223,"[-12.896, -3.55]",4.673,-2.931,0.005,10.467,ngd+lm,17,194858347.089,0.142,-6.000,-2.223,0,0,fn
s,-4.353,"[-6.933, -1.772]",2.580,-2.810,0.006,10.467,ngd+lm,17,194858347.089,0.142,-3.000,-1.353,0,0,fn
vot,0.180,,,,,10.467,ngd+lm,17,194858347.089,0.142,0.167,0.013,0,0,fn
tt,-0.849,"[-1.174, -0.524]",0.325,-4.355,0.000,5.044,ngd,18,210640552.270,0.148,-1.000,0.151,0,0,fn
c,-6.802,"[-9.377, -4.226]",2.575,-4.400,0.000,5.044,ngd,18,210640552.270,0.148,-6.000,-0.802,0,0,fn
s,-2.914,"[-3.912, -1.916]",0.998,-4.864,0.000,5.044,ngd,18,210640552.270,0.148,-3.000,0.086,0,0,fn
vot,0.125,,,,,5.044,ngd,18,210640552.270,0.148,0.167,-0.042,0,0,fn
tt,-0.736,"[-0.961, -0.511]",0.225,-5.448,0.000,5.305,lm,18,168118851.111,0.132,-1.000,0.264,0,0,fn
c,-4.519,"[-5.864, -3.175]",1.344,-5.601,0.000,5.305,lm,18,168118851.111,0.132,-6.000,1.481,0,0,fn
s,-2.428,"[-3.137, -1.718]",0.709,-5.702,0.000,5.305,lm,18,168118851.111,0.132,-3.000,0.572,0,0,fn
vot,0.163,,,,,5.305,lm,18,168118851.111,0.132,0.167,-0.004,0,0,fn
tt,-0.736,"[-0.961, -0.511]",0.225,-5.448,0.000,10.180,ngd+lm,18,168118851.121,0.132,-1.000,0.264,0,0,fn
c,-4.519,"[-5.864, -3.175]",1.344,-5.601,0.000,10.180,ngd+lm,18,168118851.121,0.132,-6.000,1.481,0,0,fn
s,-2.428,"[-3.137, -1.718]",0.709,-5.702,0.000,10.180,ngd+lm,18,168118851.121,0.132,-3.000,0.572,0,0,fn
vot,0.163,,,,,10.180,ngd+lm,18,168118851.121,0.132,0.167,-0.004,0,0,fn
tt,-0.719,"[-0.987, -0.451]",0.268,-4.468,0.000,4.959,ngd,19,233725467.801,0.155,-1.000,0.281,0,0,fn
c,-5.447,"[-7.34, -3.554]",1.893,-4.793,0.000,4.959,ngd,19,233725467.801,0.155,-6.000,0.553,0,0,fn
s,-3.422,"[-4.454, -2.39]",1.032,-5.523,0.000,4.959,ngd,19,233725467.801,0.155,-3.000,-0.422,0,0,fn
vot,0.132,,,,,4.959,ngd,19,233725467.801,0.155,0.167,-0.035,0,0,fn
tt,0.085,"[-0.122, 0.292]",0.207,0.682,0.497,5.504,lm,19,1205746286.510,0.352,-1.000,1.085,1,0,fn
c,-4.816,"[-9.443, -0.189]",4.627,-1.734,0.087,5.504,lm,19,1205746286.510,0.352,-6.000,1.184,0,0,fn
s,-4.248,"[-8.588, 0.092]",4.340,-1.631,0.107,5.504,lm,19,1205746286.510,0.352,-3.000,-1.248,1,0,fn
vot,-0.018,,,,,5.504,lm,19,1205746286.510,0.352,0.167,-0.184,0,0,fn
tt,-0.902,"[-1.177, -0.626]",0.275,-5.459,0.000,10.516,ngd+lm,19,147720835.790,0.123,-1.000,0.098,0,0,fn
c,-5.549,"[-7.164, -3.934]",1.615,-5.725,0.000,10.516,ngd+lm,19,147720835.790,0.123,-6.000,0.451,0,0,fn
s,-2.868,"[-3.648, -2.088]",0.780,-6.124,0.000,10.516,ngd+lm,19,147720835.790,0.123,-3.000,0.132,0,0,fn
vot,0.162,,,,,10.516,ngd+lm,19,147720835.790,0.123,0.167,-0.004,0,0,fn
tt,-0.696,"[-0.946, -0.445]",0.251,-4.625,0.000,5.012,ngd,20,239936183.133,0.155,-1.000,0.304,0,0,fn
c,-5.467,"[-7.579, -3.356]",2.111,-4.314,0.000,5.012,ngd,20,239936183.133,0.155,-6.000,0.533,0,0,fn
s,-3.231,"[-4.491, -1.972]",1.260,-4.273,0.000,5.012,ngd,20,239936183.133,0.155,-3.000,-0.231,0,0,fn
vot,0.127,,,,,5.012,ngd,20,239936183.133,0.155,0.167,-0.039,0,0,fn
tt,-0.845,"[-1.084, -0.605]",0.239,-5.878,0.000,5.452,lm,20,181388462.839,0.135,-1.000,0.155,0,0,fn
c,-5.307,"[-6.759, -3.855]",1.452,-6.090,0.000,5.452,lm,20,181388462.839,0.135,-6.000,0.693,0,0,fn
s,-2.677,"[-3.417, -1.937]",0.740,-6.025,0.000,5.452,lm,20,181388462.839,0.135,-3.000,0.323,0,0,fn
vot,0.159,,,,,5.452,lm,20,181388462.839,0.135,0.167,-0.008,0,0,fn
tt,-0.845,"[-1.084, -0.605]",0.239,-5.878,0.000,10.049,ngd+lm,20,181388462.839,0.135,-1.000,0.155,0,0,fn
c,-5.307,"[-6.759, -3.855]",1.452,-6.090,0.000,10.049,ngd+lm,20,181388462.839,0.135,-6.000,0.693,0,0,fn
s,-2.677,"[-3.417, -1.937]",0.740,-6.025,0.000,10.049,ngd+lm,20,181388462.839,0.135,-3.000,0.323,0,0,fn
vot,0.159,,,,,10.049,ngd+lm,20,181388462.839,0.135,0.167,-0.008,0,0,fn
tt,-0.945,"[-1.427, -0.464]",0.481,-3.273,0.002,4.883,ngd,21,261452384.949,0.168,-1.000,0.055,0,0,fn
c,-5.483,"[-8.008, -2.958]",2.525,-3.617,0.001,4.883,ngd,21,261452384.949,0.168,-6.000,0.517,0,0,fn
s,-4.381,"[-6.613, -2.15]",2.231,-3.272,0.002,4.883,ngd,21,261452384.949,0.168,-3.000,-1.381,0,0,fn
vot,0.172,,,,,4.883,ngd,21,261452384.949,0.168,0.167,0.006,0,0,fn
tt,-951.298,"[-2.971539613892423e+56, 2.971539613892423e+56]",297153961389242321076406514080736017386333920933806342144.000,-0.000,1.000,5.588,lm,21,669372936.467,0.268,-1.000,-950.298,1,0,fn
c,-9664.544,"[-3.0566454507996427e+55, 3.0566454507996427e+55]",30566454507996426775832538341298581753297677953162805248.000,-0.000,1.000,5.588,lm,21,669372936.467,0.268,-6.000,-9658.544,1,0,fn
s,-9374.726,"[-9374.726, -9374.726]",0.000,-15332561164480773673848558780060235903830851584.000,0.000,5.588,lm,21,669372936.467,0.268,-3.000,-9371.726,0,0,fn
vot,0.098,,,,,5.588,lm,21,669372936.467,0.268,0.167,-0.068,0,0,fn
tt,-0.719,"[-0.956, -0.481]",0.237,-5.043,0.000,10.419,ngd+lm,21,169870830.903,0.135,-1.000,0.281,0,0,fn
c,-4.054,"[-5.308, -2.8]",1.254,-5.385,0.000,10.419,ngd+lm,21,169870830.903,0.135,-6.000,1.946,0,0,fn
s,-2.367,"[-3.094, -1.639]",0.727,-5.421,0.000,10.419,ngd+lm,21,169870830.903,0.135,-3.000,0.633,0,0,fn
vot,0.177,,,,,10.419,ngd+lm,21,169870830.903,0.135,0.167,0.011,0,0,fn
tt,-1.029,"[-1.323, -0.734]",0.294,-5.822,0.000,4.976,ngd,22,186453179.801,0.141,-1.000,-0.029,0,0,fn
c,-6.407,"[-8.269, -4.545]",1.862,-5.731,0.000,4.976,ngd,22,186453179.801,0.141,-6.000,-0.407,0,0,fn
s,-3.468,"[-4.541, -2.394]",1.073,-5.383,0.000,4.976,ngd,22,186453179.801,0.141,-3.000,-0.468,0,0,fn
vot,0.161,,,,,4.976,ngd,22,186453179.801,0.141,0.167,-0.006,0,0,fn
tt,-0.982,"[-1.244, -0.72]",0.262,-6.251,0.000,5.133,lm,22,176430454.254,0.137,-1.000,0.018,0,0,fn
c,-5.848,"[-7.442, -4.253]",1.594,-6.110,0.000,5.133,lm,22,176430454.254,0.137,-6.000,0.152,0,0,fn
s,-2.884,"[-3.745, -2.023]",0.861,-5.581,0.000,5.133,lm,22,176430454.254,0.137,-3.000,0.116,0,0,fn
vot,0.168,,,,,5.133,lm,22,176430454.254,0.137,0.167,0.001,0,0,fn
tt,-0.982,"[-1.244, -0.72]",0.262,-6.251,0.000,10.351,ngd+lm,22,176430454.254,0.137,-1.000,0.018,0,0,fn
c,-5.848,"[-7.442, -4.253]",1.594,-6.110,0.000,10.351,ngd+lm,22,176430454.254,0.137,-6.000,0.152,0,0,fn
s,-2.884,"[-3.745, -2.023]",0.861,-5.581,0.000,10.351,ngd+lm,22,176430454.254,0.137,-3.000,0.116,0,0,fn
vot,0.168,,,,,10.351,ngd+lm,22,176430454.254,0.137,0.167,0.001,0,0,fn
tt,-1.357,"[-1.818, -0.896]",0.461,-4.906,0.000,5.059,ngd,23,238826486.177,0.155,-1.000,-0.357,0,0,fn
c,-7.121,"[-9.526, -4.717]",2.404,-4.935,0.000,5.059,ngd,23,238826486.177,0.155,-6.000,-1.121,0,0,fn
s,-3.573,"[-4.82, -2.326]",1.247,-4.773,0.000,5.059,ngd,23,238826486.177,0.155,-3.000,-0.573,0,0,fn
vot,0.191,,,,,5.059,ngd,23,238826486.177,0.155,0.167,0.024,0,0,fn
tt,-1.023,"[-1.334, -0.712]",0.311,-5.481,0.000,5.162,lm,23,195902571.358,0.141,-1.000,-0.023,0,0,fn
c,-6.360,"[-8.178, -4.542]",1.818,-5.829,0.000,5.162,lm,23,195902571.358,0.141,-6.000,-0.360,0,0,fn
s,-3.169,"[-4.121, -2.217]",0.952,-5.543,0.000,5.162,lm,23,195902571.358,0.141,-3.000,-0.169,0,0,fn
vot,0.161,,,,,5.162,lm,23,195902571.358,0.141,0.167,-0.006,0,0,fn
tt,-1.023,"[-1.334, -0.712]",0.311,-5.481,0.000,10.525,ngd+lm,23,195902571.358,0.141,-1.000,-0.023,0,0,fn
c,-6.360,"[-8.178, -4.542]",1.818,-5.829,0.000,10.525,ngd+lm,23,195902571.358,0.141,-6.000,-0.360,0,0,fn
s,-3.169,"[-4.121, -2.217]",0.952,-5.543,0.000,10.525,ngd+lm,23,195902571.358,0.141,-3.000,-0.169,0,0,fn
vot,0.161,,,,,10.525,ngd+lm,23,195902571.358,0.141,0.167,-0.006,0,0,fn
tt,-0.871,"[-1.212, -0.529]",0.341,-4.249,0.000,4.992,ngd,24,193348868.418,0.142,-1.000,0.129,0,0,fn
c,-6.068,"[-8.711, -3.425]",2.643,-3.825,0.000,4.992,ngd,24,193348868.418,0.142,-6.000,-0.068,0,0,fn
s,-3.937,"[-5.515, -2.36]",1.577,-4.159,0.000,4.992,ngd,24,193348868.418,0.142,-3.000,-0.937,0,0,fn
vot,0.143,,,,,4.992,ngd,24,193348868.418,0.142,0.167,-0.023,0,0,fn
tt,-0.989,"[-1.33, -0.649]",0.340,-4.844,0.000,5.190,lm,24,158880476.075,0.129,-1.000,0.011,0,0,fn
c,-5.728,"[-7.765, -3.692]",2.037,-4.686,0.000,5.190,lm,24,158880476.075,0.129,-6.000,0.272,0,0,fn
s,-3.071,"[-3.977, -2.164]",0.907,-5.643,0.000,5.190,lm,24,158880476.075,0.129,-3.000,-0.071,0,0,fn
vot,0.173,,,,,5.190,lm,24,158880476.075,0.129,0.167,0.006,0,0,fn
tt,-0.991,"[-1.332, -0.65]",0.341,-4.839,0.000,10.313,ngd+lm,24,158880364.256,0.129,-1.000,0.009,0,0,fn
c,-5.739,"[-7.781, -3.696]",2.043,-4.681,0.000,10.313,ngd+lm,24,158880364.256,0.129,-6.000,0.261,0,0,fn
s,-3.075,"[-3.983, -2.166]",0.909,-5.637,0.000,10.313,ngd+lm,24,158880364.256,0.129,-3.000,-0.075,0,0,fn
vot,0.173,,,,,10.313,ngd+lm,24,158880364.256,0.129,0.167,0.006,0,0,fn
tt,-0.803,"[-1.085, -0.522]",0.281,-4.759,0.000,4.978,ngd,25,228921252.427,0.157,-1.000,0.197,0,0,fn
c,-6.054,"[-7.8, -4.308]",1.746,-5.777,0.000,4.978,ngd,25,228921252.427,0.157,-6.000,-0.054,0,0,fn
s,-2.767,"[-3.71, -1.824]",0.943,-4.888,0.000,4.978,ngd,25,228921252.427,0.157,-3.000,0.233,0,0,fn
vot,0.133,,,,,4.978,ngd,25,228921252.427,0.157,0.167,-0.034,0,0,fn
tt,-1.007,"[-1.293, -0.721]",0.286,-5.873,0.000,5.171,lm,25,166229716.469,0.134,-1.000,-0.007,0,0,fn
c,-5.999,"[-7.564, -4.434]",1.565,-6.385,0.000,5.171,lm,25,166229716.469,0.134,-6.000,0.001,0,0,fn
s,-3.110,"[-4.0, -2.221]",0.889,-5.828,0.000,5.171,lm,25,166229716.469,0.134,-3.000,-0.110,0,0,fn
vot,0.168,,,,,5.171,lm,25,166229716.469,0.134,0.167,0.001,0,0,fn
tt,-1.007,"[-1.293, -0.721]",0.286,-5.873,0.000,10.338,ngd+lm,25,166229716.466,0.134,-1.000,-0.007,0,0,fn
c,-5.999,"[-7.564, -4.434]",1.565,-6.385,0.000,10.338,ngd+lm,25,166229716.466,0.134,-6.000,0.001,0,0,fn
s,-3.110,"[-4.0, -2.221]",0.889,-5.828,0.000,10.338,ngd+lm,25,166229716.466,0.134,-3.000,-0.110,0,0,fn
vot,0.168,,,,,10.338,ngd+lm,25,166229716.466,0.134,0.167,0.001,0,0,fn
tt,-1.154,"[-1.688, -0.62]",0.534,-3.602,0.001,5.070,ngd,26,302701623.883,0.188,-1.000,-0.154,0,0,fn
c,-6.006,"[-8.716, -3.296]",2.710,-3.692,0.000,5.070,ngd,26,302701623.883,0.188,-6.000,-0.006,0,0,fn
s,-3.149,"[-4.446, -1.851]",1.298,-4.042,0.000,5.070,ngd,26,302701623.883,0.188,-3.000,-0.149,0,0,fn
vot,0.192,,,,,5.070,ngd,26,302701623.883,0.188,0.167,0.025,0,0,fn
tt,-1.417,"[-2.065, -0.769]",0.648,-3.643,0.001,5.288,lm,26,219545275.089,0.160,-1.000,-0.417,0,0,fn
c,-9.246,"[-13.055, -5.438]",3.809,-4.045,0.000,5.288,lm,26,219545275.089,0.160,-6.000,-3.246,0,0,fn
s,-4.417,"[-6.21, -2.624]",1.793,-4.103,0.000,5.288,lm,26,219545275.089,0.160,-3.000,-1.417,0,0,fn
vot,0.153,,,,,5.288,lm,26,219545275.089,0.160,0.167,-0.013,0,0,fn
tt,-1.417,"[-2.065, -0.769]",0.648,-3.643,0.001,10.278,ngd+lm,26,219545275.092,0.160,-1.000,-0.417,0,0,fn
c,-9.246,"[-13.055, -5.438]",3.809,-4.045,0.000,10.278,ngd+lm,26,219545275.092,0.160,-6.000,-3.246,0,0,fn
s,-4.417,"[-6.21, -2.624]",1.793,-4.103,0.000,10.278,ngd+lm,26,219545275.092,0.160,-3.000,-1.417,0,0,fn
vot,0.153,,,,,10.278,ngd+lm,26,219545275.092,0.160,0.167,-0.013,0,0,fn
tt,-1.388,"[-2.006, -0.769]",0.618,-3.739,0.000,4.717,ngd,27,257561101.497,0.162,-1.000,-0.388,0,0,fn
c,-7.596,"[-10.938, -4.253]",3.343,-3.786,0.000,4.717,ngd,27,257561101.497,0.162,-6.000,-1.596,0,0,fn
s,-3.328,"[-5.077, -1.579]",1.749,-3.170,0.002,4.717,ngd,27,257561101.497,0.162,-3.000,-0.328,0,0,fn
vot,0.183,,,,,4.717,ngd,27,257561101.497,0.162,0.167,0.016,0,0,fn
tt,0.202,"[-0.12, 0.524]",0.322,1.046,0.299,5.232,lm,27,1771245046.974,0.426,-1.000,1.202,1,0,fn
c,-7.825,"[-15.585, -0.064]",7.761,-1.680,0.097,5.232,lm,27,1771245046.974,0.426,-6.000,-1.825,0,0,fn
s,-3.014,"[-6.245, 0.217]",3.231,-1.554,0.125,5.232,lm,27,1771245046.974,0.426,-3.000,-0.014,1,0,fn
vot,-0.026,,,,,5.232,lm,27,1771245046.974,0.426,0.167,-0.192,0,0,fn
tt,-1.039,"[-1.481, -0.598]",0.442,-3.921,0.000,10.047,ngd+lm,27,216681506.961,0.149,-1.000,-0.039,0,0,fn
c,-6.149,"[-8.587, -3.71]",2.438,-4.201,0.000,10.047,ngd+lm,27,216681506.961,0.149,-6.000,-0.149,0,0,fn
s,-3.047,"[-4.448, -1.646]",1.401,-3.623,0.001,10.047,ngd+lm,27,216681506.961,0.149,-3.000,-0.047,0,0,fn
vot,0.169,,,,,10.047,ngd+lm,27,216681506.961,0.149,0.167,0.002,0,0,fn
tt,-1.215,"[-1.778, -0.652]",0.563,-3.596,0.001,4.932,ngd,28,263156917.644,0.162,-1.000,-0.215,0,0,fn
c,-5.854,"[-8.448, -3.26]",2.594,-3.760,0.000,4.932,ngd,28,263156917.644,0.162,-6.000,0.146,0,0,fn
s,-3.648,"[-5.45, -1.846]",1.802,-3.372,0.001,4.932,ngd,28,263156917.644,0.162,-3.000,-0.648,0,0,fn
vot,0.208,,,,,4.932,ngd,28,263156917.644,0.162,0.167,0.041,0,0,fn
tt,-2.077,"[-4.174, 0.019]",2.097,-1.651,0.103,5.503,lm,28,1573659055.346,0.397,-1.000,-1.077,1,0,fn
c,-5.141,"[-10.69, 0.408]",5.549,-1.543,0.127,5.503,lm,28,1573659055.346,0.397,-6.000,0.859,1,0,fn
s,-4.081,"[-8.423, 0.261]",4.342,-1.566,0.122,5.503,lm,28,1573659055.346,0.397,-3.000,-1.081,1,0,fn
vot,0.404,,,,,5.503,lm,28,1573659055.346,0.397,0.167,0.237,0,0,fn
tt,-0.944,"[-1.277, -0.612]",0.333,-4.727,0.000,10.290,ngd+lm,28,185706784.660,0.136,-1.000,0.056,0,0,fn
c,-6.096,"[-8.195, -3.997]",2.099,-4.838,0.000,10.290,ngd+lm,28,185706784.660,0.136,-6.000,-0.096,0,0,fn
s,-2.738,"[-3.704, -1.772]",0.966,-4.721,0.000,10.290,ngd+lm,28,185706784.660,0.136,-3.000,0.262,0,0,fn
vot,0.155,,,,,10.290,ngd+lm,28,185706784.660,0.136,0.167,-0.012,0,0,fn
tt,-1.126,"[-1.494, -0.758]",0.368,-5.094,0.000,4.705,ngd,29,205828765.337,0.146,-1.000,-0.126,0,0,fn
c,-5.784,"[-7.738, -3.831]",1.954,-4.933,0.000,4.705,ngd,29,205828765.337,0.146,-6.000,0.216,0,0,fn
s,-2.790,"[-3.61, -1.969]",0.821,-5.664,0.000,4.705,ngd,29,205828765.337,0.146,-3.000,0.210,0,0,fn
vot,0.195,,,,,4.705,ngd,29,205828765.337,0.146,0.167,0.028,0,0,fn
tt,-1.349,"[-1.802, -0.896]",0.453,-4.958,0.000,5.335,lm,29,191665818.853,0.141,-1.000,-0.349,0,0,fn
c,-7.444,"[-10.004, -4.884]",2.560,-4.844,0.000,5.335,lm,29,191665818.853,0.141,-6.000,-1.444,0,0,fn
s,-3.466,"[-4.522, -2.41]",1.056,-5.468,0.000,5.335,lm,29,191665818.853,0.141,-3.000,-0.466,0,0,fn
vot,0.181,,,,,5.335,lm,29,191665818.853,0.141,0.167,0.015,0,0,fn
tt,-1.349,"[-1.802, -0.896]",0.453,-4.958,0.000,10.086,ngd+lm,29,191665818.853,0.141,-1.000,-0.349,0,0,fn
c,-7.444,"[-10.004, -4.884]",2.560,-4.844,0.000,10.086,ngd+lm,29,191665818.853,0.141,-6.000,-1.444,0,0,fn
s,-3.466,"[-4.522, -2.41]",1.056,-5.468,0.000,10.086,ngd+lm,29,191665818.853,0.141,-3.000,-0.466,0,0,fn
vot,0.181,,,,,10.086,ngd+lm,29,191665818.853,0.141,0.167,0.015,0,0,fn
tt,-0.917,"[-1.17, -0.663]",0.254,-6.019,0.000,4.817,ngd,30,205664139.995,0.147,-1.000,0.083,0,0,fn
c,-4.504,"[-5.693, -3.315]",1.189,-6.309,0.000,4.817,ngd,30,205664139.995,0.147,-6.000,1.496,0,0,fn
s,-2.048,"[-2.677, -1.419]",0.629,-5.423,0.000,4.817,ngd,30,205664139.995,0.147,-3.000,0.952,0,0,fn
vot,0.203,,,,,4.817,ngd,30,205664139.995,0.147,0.167,0.037,0,0,fn
tt,-0.795,"[-0.983, -0.608]",0.188,-7.058,0.000,5.329,lm,30,123849076.772,0.114,-1.000,0.205,0,0,fn
c,-5.218,"[-6.307, -4.129]",1.089,-7.983,0.000,5.329,lm,30,123849076.772,0.114,-6.000,0.782,0,0,fn
s,-2.388,"[-2.968, -1.807]",0.580,-6.854,0.000,5.329,lm,30,123849076.772,0.114,-3.000,0.612,0,0,fn
vot,0.152,,,,,5.329,lm,30,123849076.772,0.114,0.167,-0.014,0,0,fn
tt,-0.795,"[-0.983, -0.608]",0.188,-7.058,0.000,10.166,ngd+lm,30,123849076.772,0.114,-1.000,0.205,0,0,fn
c,-5.218,"[-6.307, -4.129]",1.089,-7.983,0.000,10.166,ngd+lm,30,123849076.772,0.114,-6.000,0.782,0,0,fn
s,-2.388,"[-2.968, -1.807]",0.580,-6.854,0.000,10.166,ngd+lm,30,123849076.772,0.114,-3.000,0.612,0,0,fn
vot,0.152,,,,,10.166,ngd+lm,30,123849076.772,0.114,0.167,-0.014,0,0,fn
tt,-0.913,"[-1.324, -0.503]",0.411,-3.706,0.000,4.706,ngd,31,290587310.058,0.178,-1.000,0.087,0,0,fn
c,-6.421,"[-9.131, -3.712]",2.710,-3.948,0.000,4.706,ngd,31,290587310.058,0.178,-6.000,-0.421,0,0,fn
s,-3.895,"[-5.639, -2.15]",1.745,-3.719,0.000,4.706,ngd,31,290587310.058,0.178,-3.000,-0.895,0,0,fn
vot,0.142,,,,,4.706,ngd,31,290587310.058,0.178,0.167,-0.024,0,0,fn
tt,0.941,"[-1.593, 3.475]",2.534,0.619,0.538,5.324,lm,31,6524873129.318,0.844,-1.000,1.941,1,0,fn
c,-5.984,"[-22.607, 10.639]",16.623,-0.600,0.551,5.324,lm,31,6524873129.318,0.844,-6.000,0.016,1,0,fn
s,-4.388,"[-16.663, 7.886]",12.274,-0.596,0.553,5.324,lm,31,6524873129.318,0.844,-3.000,-1.388,1,0,fn
vot,-0.157,,,,,5.324,lm,31,6524873129.318,0.844,0.167,-0.324,0,0,fn
tt,-0.803,"[-1.011, -0.594]",0.209,-6.413,0.000,10.013,ngd+lm,31,153468555.664,0.129,-1.000,0.197,0,0,fn
c,-4.999,"[-6.214, -3.784]",1.215,-6.857,0.000,10.013,ngd+lm,31,153468555.664,0.129,-6.000,1.001,0,0,fn
s,-2.327,"[-2.902, -1.751]",0.576,-6.731,0.000,10.013,ngd+lm,31,153468555.664,0.129,-3.000,0.673,0,0,fn
vot,0.161,,,,,10.013,ngd+lm,31,153468555.664,0.129,0.167,-0.006,0,0,fn
tt,-1.378,"[-2.217, -0.54]",0.838,-2.740,0.008,4.867,ngd,32,241472357.375,0.160,-1.000,-0.378,0,0,fn
c,-7.905,"[-12.525, -3.285]",4.620,-2.851,0.006,4.867,ngd,32,241472357.375,0.160,-6.000,-1.905,0,0,fn
s,-3.442,"[-5.476, -1.408]",2.034,-2.820,0.006,4.867,ngd,32,241472357.375,0.160,-3.000,-0.442,0,0,fn
vot,0.174,,,,,4.867,ngd,32,241472357.375,0.160,0.167,0.008,0,0,fn
tt,-0.575,"[-0.768, -0.381]",0.193,-4.951,0.000,5.354,lm,32,165101218.252,0.132,-1.000,0.425,0,0,fn
c,-3.771,"[-4.94, -2.602]",1.169,-5.376,0.000,5.354,lm,32,165101218.252,0.132,-6.000,2.229,0,0,fn
s,-1.983,"[-2.58, -1.386]",0.597,-5.535,0.000,5.354,lm,32,165101218.252,0.132,-3.000,1.017,0,0,fn
vot,0.152,,,,,5.354,lm,32,165101218.252,0.132,0.167,-0.014,0,0,fn
tt,-0.575,"[-0.768, -0.381]",0.193,-4.951,0.000,10.276,ngd+lm,32,165101218.253,0.132,-1.000,0.425,0,0,fn
c,-3.771,"[-4.94, -2.602]",1.169,-5.376,0.000,10.276,ngd+lm,32,165101218.253,0.132,-6.000,2.229,0,0,fn
s,-1.983,"[-2.58, -1.386]",0.597,-5.535,0.000,10.276,ngd+lm,32,165101218.253,0.132,-3.000,1.017,0,0,fn
vot,0.152,,,,,10.276,ngd+lm,32,165101218.253,0.132,0.167,-0.014,0,0,fn
tt,-1.403,"[-1.99, -0.816]",0.587,-3.983,0.000,5.026,ngd,33,243532663.868,0.158,-1.000,-0.403,0,0,fn
c,-7.701,"[-10.885, -4.518]",3.184,-4.030,0.000,5.026,ngd,33,243532663.868,0.158,-6.000,-1.701,0,0,fn
s,-3.291,"[-4.727, -1.855]",1.436,-3.819,0.000,5.026,ngd,33,243532663.868,0.158,-3.000,-0.291,0,0,fn
vot,0.182,,,,,5.026,ngd,33,243532663.868,0.158,0.167,0.016,0,0,fn
tt,-2.831,"[-5.955, 0.293]",3.124,-1.510,0.135,5.752,lm,33,1500843379.888,0.391,-1.000,-1.831,1,0,fn
c,-7.487,"[-15.492, 0.518]",8.005,-1.558,0.124,5.752,lm,33,1500843379.888,0.391,-6.000,-1.487,1,0,fn
s,-2.530,"[-5.267, 0.206]",2.736,-1.541,0.128,5.752,lm,33,1500843379.888,0.391,-3.000,0.470,1,0,fn
vot,0.378,,,,,5.752,lm,33,1500843379.888,0.391,0.167,0.211,0,0,fn
tt,-1.377,"[-2.009, -0.745]",0.632,-3.630,0.001,10.555,ngd+lm,33,176819888.266,0.134,-1.000,-0.377,0,0,fn
c,-8.489,"[-12.404, -4.575]",3.914,-3.613,0.001,10.555,ngd+lm,33,176819888.266,0.134,-6.000,-2.489,0,0,fn
s,-4.297,"[-6.324, -2.269]",2.028,-3.530,0.001,10.555,ngd+lm,33,176819888.266,0.134,-3.000,-1.297,0,0,fn
vot,0.162,,,,,10.555,ngd+lm,33,176819888.266,0.134,0.167,-0.004,0,0,fn
tt,-1.109,"[-1.469, -0.749]",0.360,-5.133,0.000,5.063,ngd,34,173182499.894,0.135,-1.000,-0.109,0,0,fn
c,-5.339,"[-7.16, -3.518]",1.821,-4.884,0.000,5.063,ngd,34,173182499.894,0.135,-6.000,0.661,0,0,fn
s,-3.093,"[-4.067, -2.119]",0.974,-5.291,0.000,5.063,ngd,34,173182499.894,0.135,-3.000,-0.093,0,0,fn
vot,0.208,,,,,5.063,ngd,34,173182499.894,0.135,0.167,0.041,0,0,fn
tt,0.875,"[-0.204, 1.955]",1.080,1.351,0.181,5.666,lm,34,3205973171.031,0.581,-1.000,1.875,1,0,fn
c,-5.266,"[-12.596, 2.065]",7.330,-1.197,0.235,5.666,lm,34,3205973171.031,0.581,-6.000,0.734,1,0,fn
s,-3.205,"[-7.072, 0.663]",3.867,-1.381,0.172,5.666,lm,34,3205973171.031,0.581,-3.000,-0.205,1,0,fn
vot,-0.166,,,,,5.666,lm,34,3205973171.031,0.581,0.167,-0.333,0,0,fn
tt,-1.302,"[-1.721, -0.884]",0.419,-5.182,0.000,10.343,ngd+lm,34,166059511.863,0.132,-1.000,-0.302,0,0,fn
c,-6.628,"[-8.902, -4.354]",2.274,-4.856,0.000,10.343,ngd+lm,34,166059511.863,0.132,-6.000,-0.628,0,0,fn
s,-3.432,"[-4.542, -2.321]",1.111,-5.148,0.000,10.343,ngd+lm,34,166059511.863,0.132,-3.000,-0.432,0,0,fn
vot,0.196,,,,,10.343,ngd+lm,34,166059511.863,0.132,0.167,0.030,0,0,fn
tt,-0.873,"[-1.153, -0.594]",0.279,-5.210,0.000,4.883,ngd,35,191631092.573,0.138,-1.000,0.127,0,0,fn
c,-6.197,"[-8.034, -4.36]",1.837,-5.620,0.000,4.883,ngd,35,191631092.573,0.138,-6.000,-0.197,0,0,fn
s,-3.309,"[-4.348, -2.271]",1.039,-5.307,0.000,4.883,ngd,35,191631092.573,0.138,-3.000,-0.309,0,0,fn
vot,0.141,,,,,4.883,ngd,35,191631092.573,0.138,0.167,-0.026,0,0,fn
tt,-0.984,"[-1.262, -0.706]",0.278,-5.888,0.000,5.211,lm,35,170099176.691,0.130,-1.000,0.016,0,0,fn
c,-6.158,"[-7.784, -4.532]",1.626,-6.309,0.000,5.211,lm,35,170099176.691,0.130,-6.000,-0.158,0,0,fn
s,-3.154,"[-4.038, -2.271]",0.883,-5.949,0.000,5.211,lm,35,170099176.691,0.130,-3.000,-0.154,0,0,fn
vot,0.160,,,,,5.211,lm,35,170099176.691,0.130,0.167,-0.007,0,0,fn
tt,-0.984,"[-1.262, -0.706]",0.278,-5.888,0.000,10.293,ngd+lm,35,170099176.659,0.130,-1.000,0.016,0,0,fn
c,-6.158,"[-7.784, -4.532]",1.626,-6.309,0.000,10.293,ngd+lm,35,170099176.659,0.130,-6.000,-0.158,0,0,fn
s,-3.154,"[-4.038, -2.271]",0.883,-5.949,0.000,10.293,ngd+lm,35,170099176.659,0.130,-3.000,-0.154,0,0,fn
vot,0.160,,,,,10.293,ngd+lm,35,170099176.659,0.130,0.167,-0.007,0,0,fn
tt,-0.810,"[-1.142, -0.478]",0.332,-4.059,0.000,4.985,ngd,36,209848428.335,0.143,-1.000,0.190,0,0,fn
c,-6.197,"[-8.448, -3.946]",2.251,-4.586,0.000,4.985,ngd,36,209848428.335,0.143,-6.000,-0.197,0,0,fn
s,-2.906,"[-3.947, -1.864]",1.042,-4.646,0.000,4.985,ngd,36,209848428.335,0.143,-3.000,0.094,0,0,fn
vot,0.131,,,,,4.985,ngd,36,209848428.335,0.143,0.167,-0.036,0,0,fn
tt,-2.499,"[-5.539, 0.542]",3.041,-1.369,0.175,5.100,lm,36,1932159323.498,0.435,-1.000,-1.499,1,0,fn
c,-6.086,"[-13.068, 0.897]",6.983,-1.452,0.151,5.100,lm,36,1932159323.498,0.435,-6.000,-0.086,1,0,fn
s,-1.696,"[-3.997, 0.606]",2.301,-1.227,0.224,5.100,lm,36,1932159323.498,0.435,-3.000,1.304,1,0,fn
vot,0.411,,,,,5.100,lm,36,1932159323.498,0.435,0.167,0.244,0,0,fn
tt,-1.214,"[-1.654, -0.773]",0.441,-4.587,0.000,10.402,ngd+lm,36,173492267.233,0.130,-1.000,-0.214,0,0,fn
c,-7.306,"[-9.99, -4.622]",2.684,-4.535,0.000,10.402,ngd+lm,36,173492267.233,0.130,-6.000,-1.306,0,0,fn
s,-3.767,"[-5.092, -2.442]",1.325,-4.736,0.000,10.402,ngd+lm,36,173492267.233,0.130,-3.000,-0.767,0,0,fn
vot,0.166,,,,,10.402,ngd+lm,36,173492267.233,0.130,0.167,-0.001,0,0,fn
tt,-0.778,"[-1.114, -0.443]",0.336,-3.861,0.000,5.024,ngd,37,290451024.517,0.173,-1.000,0.222,0,0,fn
c,-6.574,"[-9.332, -3.817]",2.758,-3.972,0.000,5.024,ngd,37,290451024.517,0.173,-6.000,-0.574,0,0,fn
s,-3.015,"[-4.251, -1.779]",1.236,-4.064,0.000,5.024,ngd,37,290451024.517,0.173,-3.000,-0.015,0,0,fn
vot,0.118,,,,,5.024,ngd,37,290451024.517,0.173,0.167,-0.048,0,0,fn
tt,-1.636,"[-2.295, -0.978]",0.658,-4.142,0.000,5.397,lm,37,204415505.900,0.145,-1.000,-0.636,0,0,fn
c,-9.213,"[-13.035, -5.39]",3.822,-4.015,0.000,5.397,lm,37,204415505.900,0.145,-6.000,-3.213,0,0,fn
s,-5.181,"[-7.361, -3.001]",2.180,-3.959,0.000,5.397,lm,37,204415505.900,0.145,-3.000,-2.181,0,0,fn
vot,0.178,,,,,5.397,lm,37,204415505.900,0.145,0.167,0.011,0,0,fn
tt,-1.636,"[-2.295, -0.978]",0.658,-4.142,0.000,10.244,ngd+lm,37,204415505.899,0.145,-1.000,-0.636,0,0,fn
c,-9.213,"[-13.035, -5.39]",3.822,-4.015,0.000,10.244,ngd+lm,37,204415505.899,0.145,-6.000,-3.213,0,0,fn
s,-5.181,"[-7.361, -3.001]",2.180,-3.959,0.000,10.244,ngd+lm,37,204415505.899,0.145,-3.000,-2.181,0,0,fn
vot,0.178,,,,,10.244,ngd+lm,37,204415505.899,0.145,0.167,0.011,0,0,fn
tt,-1.267,"[-1.789, -0.745]",0.522,-4.045,0.000,4.938,ngd,38,231167709.697,0.158,-1.000,-0.267,0,0,fn
c,-6.523,"[-9.144, -3.902]",2.621,-4.146,0.000,4.938,ngd,38,231167709.697,0.158,-6.000,-0.523,0,0,fn
s,-3.157,"[-4.575, -1.739]",1.418,-3.709,0.000,4.938,ngd,38,231167709.697,0.158,-3.000,-0.157,0,0,fn
vot,0.194,,,,,4.938,ngd,38,231167709.697,0.158,0.167,0.028,0,0,fn
tt,-1.217,"[-1.726, -0.707]",0.510,-3.976,0.000,5.291,lm,38,189655073.905,0.143,-1.000,-0.217,0,0,fn
c,-7.741,"[-10.668, -4.814]",2.927,-4.405,0.000,5.291,lm,38,189655073.905,0.143,-6.000,-1.741,0,0,fn
s,-3.746,"[-5.278, -2.214]",1.532,-4.075,0.000,5.291,lm,38,189655073.905,0.143,-3.000,-0.746,0,0,fn
vot,0.157,,,,,5.291,lm,38,189655073.905,0.143,0.167,-0.009,0,0,fn
tt,-1.217,"[-1.726, -0.707]",0.510,-3.976,0.000,10.119,ngd+lm,38,189655073.905,0.143,-1.000,-0.217,0,0,fn
c,-7.741,"[-10.668, -4.814]",2.927,-4.405,0.000,10.119,ngd+lm,38,189655073.905,0.143,-6.000,-1.741,0,0,fn
s,-3.746,"[-5.278, -2.214]",1.532,-4.075,0.000,10.119,ngd+lm,38,189655073.905,0.143,-3.000,-0.746,0,0,fn
vot,0.157,,,,,10.119,ngd+lm,38,189655073.905,0.143,0.167,-0.009,0,0,fn
tt,-1.281,"[-1.888, -0.675]",0.606,-3.521,0.001,5.002,ngd,39,221262312.584,0.155,-1.000,-0.281,0,0,fn
c,-8.179,"[-11.919, -4.44]",3.740,-3.644,0.000,5.002,ngd,39,221262312.584,0.155,-6.000,-2.179,0,0,fn
s,-4.156,"[-6.15, -2.163]",1.994,-3.473,0.001,5.002,ngd,39,221262312.584,0.155,-3.000,-1.156,0,0,fn
vot,0.157,,,,,5.002,ngd,39,221262312.584,0.155,0.167,-0.010,0,0,fn
tt,0.195,"[-0.239, 0.628]",0.433,0.748,0.457,5.539,lm,39,3379088310.764,0.607,-1.000,1.195,1,0,fn
c,-7.921,"[-21.283, 5.441]",13.362,-0.988,0.327,5.539,lm,39,3379088310.764,0.607,-6.000,-1.921,1,0,fn
s,-4.696,"[-12.167, 2.774]",7.470,-1.047,0.298,5.539,lm,39,3379088310.764,0.607,-3.000,-1.696,1,0,fn
vot,-0.025,,,,,5.539,lm,39,3379088310.764,0.607,0.167,-0.191,0,0,fn
tt,-1.074,"[-1.414, -0.734]",0.340,-5.264,0.000,10.395,ngd+lm,39,174652135.358,0.138,-1.000,-0.074,0,0,fn
c,-6.222,"[-8.162, -4.282]",1.940,-5.344,0.000,10.395,ngd+lm,39,174652135.358,0.138,-6.000,-0.222,0,0,fn
s,-2.721,"[-3.629, -1.813]",0.908,-4.993,0.000,10.395,ngd+lm,39,174652135.358,0.138,-3.000,0.279,0,0,fn
vot,0.173,,,,,10.395,ngd+lm,39,174652135.358,0.138,0.167,0.006,0,0,fn
tt,-0.714,"[-0.923, -0.506]",0.208,-5.708,0.000,4.801,ngd,40,251185260.419,0.159,-1.000,0.286,0,0,fn
c,-5.531,"[-6.932, -4.13]",1.401,-6.578,0.000,4.801,ngd,40,251185260.419,0.159,-6.000,0.469,0,0,fn
s,-2.168,"[-2.869, -1.466]",0.702,-5.146,0.000,4.801,ngd,40,251185260.419,0.159,-3.000,0.832,0,0,fn
vot,0.129,,,,,4.801,ngd,40,251185260.419,0.159,0.167,-0.038,0,0,fn
tt,-0.794,"[-1.517, -0.07]",0.724,-1.827,0.072,5.318,lm,40,1001091485.513,0.317,-1.000,0.206,0,0,fn
c,-21.542,"[-48.133, 5.049]",26.591,-1.350,0.181,5.318,lm,40,1001091485.513,0.317,-6.000,-15.542,1,0,fn
s,-6.175,"[-14.163, 1.812]",7.988,-1.288,0.202,5.318,lm,40,1001091485.513,0.317,-3.000,-3.175,1,0,fn
vot,0.037,,,,,5.318,lm,40,1001091485.513,0.317,0.167,-0.130,0,0,fn
tt,-0.934,"[-1.142, -0.727]",0.208,-7.490,0.000,10.191,ngd+lm,40,171634409.825,0.131,-1.000,0.066,0,0,fn
c,-5.519,"[-6.701, -4.337]",1.182,-7.779,0.000,10.191,ngd+lm,40,171634409.825,0.131,-6.000,0.481,0,0,fn
s,-2.301,"[-2.863, -1.74]",0.561,-6.830,0.000,10.191,ngd+lm,40,171634409.825,0.131,-3.000,0.699,0,0,fn
vot,0.169,,,,,10.191,ngd+lm,40,171634409.825,0.131,0.167,0.003,0,0,fn
tt,-0.596,"[-0.792, -0.4]",0.196,-5.058,0.000,4.727,ngd,41,223850558.327,0.158,-1.000,0.404,0,0,fn
c,-3.965,"[-5.112, -2.819]",1.146,-5.764,0.000,4.727,ngd,41,223850558.327,0.158,-6.000,2.035,0,0,fn
s,-2.185,"[-2.856, -1.514]",0.671,-5.423,0.000,4.727,ngd,41,223850558.327,0.158,-3.000,0.815,0,0,fn
vot,0.150,,,,,4.727,ngd,41,223850558.327,0.158,0.167,-0.016,0,0,fn
tt,-1.200,"[-1.501, -0.898]",0.302,-6.627,0.000,5.353,lm,41,138147985.149,0.124,-1.000,-0.200,0,0,fn
c,-6.182,"[-7.618, -4.745]",1.436,-7.171,0.000,5.353,lm,41,138147985.149,0.124,-6.000,-0.182,0,0,fn
s,-3.627,"[-4.538, -2.717]",0.911,-6.636,0.000,5.353,lm,41,138147985.149,0.124,-3.000,-0.627,0,0,fn
vot,0.194,,,,,5.353,lm,41,138147985.149,0.124,0.167,0.027,0,0,fn
tt,-1.200,"[-1.501, -0.898]",0.302,-6.627,0.000,10.147,ngd+lm,41,138147985.149,0.124,-1.000,-0.200,0,0,fn
c,-6.182,"[-7.618, -4.745]",1.436,-7.171,0.000,10.147,ngd+lm,41,138147985.149,0.124,-6.000,-0.182,0,0,fn
s,-3.627,"[-4.538, -2.717]",0.911,-6.636,0.000,10.147,ngd+lm,41,138147985.149,0.124,-3.000,-0.627,0,0,fn
vot,0.194,,,,,10.147,ngd+lm,41,138147985.149,0.124,0.167,0.027,0,0,fn
tt,-0.932,"[-1.35, -0.514]",0.418,-3.715,0.000,4.996,ngd,42,269507365.431,0.166,-1.000,0.068,0,0,fn
c,-6.926,"[-9.862, -3.991]",2.935,-3.931,0.000,4.996,ngd,42,269507365.431,0.166,-6.000,-0.926,0,0,fn
s,-3.416,"[-4.939, -1.892]",1.524,-3.734,0.000,4.996,ngd,42,269507365.431,0.166,-3.000,-0.416,0,0,fn
vot,0.135,,,,,4.996,ngd,42,269507365.431,0.166,0.167,-0.032,0,0,fn
tt,0.114,"[-0.143, 0.37]",0.257,0.740,0.462,5.263,lm,42,1544095778.322,0.398,-1.000,1.114,1,0,fn
c,-7.142,"[-13.61, -0.674]",6.468,-1.840,0.070,5.263,lm,42,1544095778.322,0.398,-6.000,-1.142,0,0,fn
s,-2.973,"[-5.757, -0.188]",2.784,-1.779,0.079,5.263,lm,42,1544095778.322,0.398,-3.000,0.027,0,0,fn
vot,-0.016,,,,,5.263,lm,42,1544095778.322,0.398,0.167,-0.183,0,0,fn
tt,-0.785,"[-1.072, -0.497]",0.287,-4.547,0.000,10.304,ngd+lm,42,234727007.011,0.155,-1.000,0.215,0,0,fn
c,-4.789,"[-6.493, -3.085]",1.704,-4.682,0.000,10.304,ngd+lm,42,234727007.011,0.155,-6.000,1.211,0,0,fn
s,-2.501,"[-3.423, -1.578]",0.923,-4.515,0.000,10.304,ngd+lm,42,234727007.011,0.155,-3.000,0.499,0,0,fn
vot,0.164,,,,,10.304,ngd+lm,42,234727007.011,0.155,0.167,-0.003,0,0,fn
tt,-1.109,"[-1.462, -0.756]",0.353,-5.233,0.000,4.984,ngd,43,270202919.262,0.168,-1.000,-0.109,0,0,fn
c,-5.288,"[-6.901, -3.675]",1.613,-5.463,0.000,4.984,ngd,43,270202919.262,0.168,-6.000,0.712,0,0,fn
s,-3.274,"[-4.337, -2.211]",1.063,-5.131,0.000,4.984,ngd,43,270202919.262,0.168,-3.000,-0.274,0,0,fn
vot,0.210,,,,,4.984,ngd,43,270202919.262,0.168,0.167,0.043,0,0,fn
tt,-1.731,"[-3.108, -0.353]",1.378,-2.093,0.040,5.399,lm,43,1054922276.037,0.333,-1.000,-0.731,0,0,fn
c,-4.124,"[-7.334, -0.913]",3.211,-2.140,0.036,5.399,lm,43,1054922276.037,0.333,-6.000,1.876,0,0,fn
s,-4.261,"[-7.927, -0.595]",3.666,-1.937,0.057,5.399,lm,43,1054922276.037,0.333,-3.000,-1.261,0,0,fn
vot,0.420,,,,,5.399,lm,43,1054922276.037,0.333,0.167,0.253,0,0,fn
tt,-0.880,"[-1.122, -0.639]",0.241,-6.074,0.000,10.189,ngd+lm,43,177099417.687,0.136,-1.000,0.120,0,0,fn
c,-5.797,"[-7.281, -4.314]",1.483,-6.511,0.000,10.189,ngd+lm,43,177099417.687,0.136,-6.000,0.203,0,0,fn
s,-2.952,"[-3.729, -2.174]",0.778,-6.325,0.000,10.189,ngd+lm,43,177099417.687,0.136,-3.000,0.048,0,0,fn
vot,0.152,,,,,10.189,ngd+lm,43,177099417.687,0.136,0.167,-0.015,0,0,fn
tt,-0.992,"[-1.407, -0.578]",0.414,-3.990,0.000,5.113,ngd,44,313269941.119,0.183,-1.000,0.008,0,0,fn
c,-5.860,"[-8.126, -3.594]",2.266,-4.309,0.000,5.113,ngd,44,313269941.119,0.183,-6.000,0.140,0,0,fn
s,-3.861,"[-5.33, -2.392]",1.469,-4.378,0.000,5.113,ngd,44,313269941.119,0.183,-3.000,-0.861,0,0,fn
vot,0.169,,,,,5.113,ngd,44,313269941.119,0.183,0.167,0.003,0,0,fn
tt,-2.472,"[-5.502, 0.557]",3.030,-1.360,0.178,5.292,lm,44,1276046763.982,0.369,-1.000,-1.472,1,0,fn
c,-5.353,"[-11.867, 1.161]",6.514,-1.369,0.175,5.292,lm,44,1276046763.982,0.369,-6.000,0.647,1,0,fn
s,-3.888,"[-8.541, 0.766]",4.653,-1.392,0.168,5.292,lm,44,1276046763.982,0.369,-3.000,-0.888,1,0,fn
vot,0.462,,,,,5.292,lm,44,1276046763.982,0.369,0.167,0.295,0,0,fn
tt,-0.944,"[-1.221, -0.667]",0.277,-5.686,0.000,10.390,ngd+lm,44,224809476.618,0.155,-1.000,0.056,0,0,fn
c,-5.382,"[-6.924, -3.84]",1.542,-5.816,0.000,10.390,ngd+lm,44,224809476.618,0.155,-6.000,0.618,0,0,fn
s,-2.823,"[-3.646, -1.999]",0.823,-5.711,0.000,10.390,ngd+lm,44,224809476.618,0.155,-3.000,0.177,0,0,fn
vot,0.175,,,,,10.390,ngd+lm,44,224809476.618,0.155,0.167,0.009,0,0,fn
tt,-0.739,"[-0.955, -0.524]",0.215,-5.720,0.000,4.934,ngd,45,186159381.789,0.143,-1.000,0.261,0,0,fn
c,-4.601,"[-5.927, -3.275]",1.326,-5.781,0.000,4.934,ngd,45,186159381.789,0.143,-6.000,1.399,0,0,fn
s,-2.400,"[-3.121, -1.68]",0.721,-5.550,0.000,4.934,ngd,45,186159381.789,0.143,-3.000,0.600,0,0,fn
vot,0.161,,,,,4.934,ngd,45,186159381.789,0.143,0.167,-0.006,0,0,fn
tt,-1.083,"[-1.409, -0.758]",0.325,-5.545,0.000,5.150,lm,45,164307666.492,0.134,-1.000,-0.083,0,0,fn
c,-6.095,"[-7.977, -4.213]",1.882,-5.396,0.000,5.150,lm,45,164307666.492,0.134,-6.000,-0.095,0,0,fn
s,-3.254,"[-4.328, -2.18]",1.074,-5.049,0.000,5.150,lm,45,164307666.492,0.134,-3.000,-0.254,0,0,fn
vot,0.178,,,,,5.150,lm,45,164307666.492,0.134,0.167,0.011,0,0,fn
tt,-1.083,"[-1.409, -0.758]",0.325,-5.545,0.000,10.291,ngd+lm,45,164307666.486,0.134,-1.000,-0.083,0,0,fn
c,-6.095,"[-7.977, -4.213]",1.882,-5.396,0.000,10.291,ngd+lm,45,164307666.486,0.134,-6.000,-0.095,0,0,fn
s,-3.254,"[-4.328, -2.18]",1.074,-5.049,0.000,10.291,ngd+lm,45,164307666.486,0.134,-3.000,-0.254,0,0,fn
vot,0.178,,,,,10.291,ngd+lm,45,164307666.486,0.134,0.167,0.011,0,0,fn
tt,-0.779,"[-1.112, -0.447]",0.332,-3.907,0.000,4.875,ngd,46,195861437.049,0.144,-1.000,0.221,0,0,fn
c,-5.691,"[-7.889, -3.494]",2.198,-4.314,0.000,4.875,ngd,46,195861437.049,0.144,-6.000,0.309,0,0,fn
s,-2.728,"[-3.738, -1.718]",1.010,-4.499,0.000,4.875,ngd,46,195861437.049,0.144,-3.000,0.272,0,0,fn
vot,0.137,,,,,4.875,ngd,46,195861437.049,0.144,0.167,-0.030,0,0,fn
tt,-0.744,"[-0.986, -0.501]",0.242,-5.114,0.000,5.363,lm,46,166510028.677,0.133,-1.000,0.256,0,0,fn
c,-4.707,"[-6.189, -3.225]",1.482,-5.291,0.000,5.363,lm,46,166510028.677,0.133,-6.000,1.293,0,0,fn
s,-2.358,"[-3.051, -1.664]",0.693,-5.664,0.000,5.363,lm,46,166510028.677,0.133,-3.000,0.642,0,0,fn
vot,0.158,,,,,5.363,lm,46,166510028.677,0.133,0.167,-0.009,0,0,fn
tt,-0.744,"[-0.986, -0.501]",0.242,-5.114,0.000,10.296,ngd+lm,46,166510026.590,0.133,-1.000,0.256,0,0,fn
c,-4.707,"[-6.19, -3.225]",1.482,-5.291,0.000,10.296,ngd+lm,46,166510026.590,0.133,-6.000,1.293,0,0,fn
s,-2.358,"[-3.052, -1.664]",0.694,-5.664,0.000,10.296,ngd+lm,46,166510026.590,0.133,-3.000,0.642,0,0,fn
vot,0.158,,,,,10.296,ngd+lm,46,166510026.590,0.133,0.167,-0.009,0,0,fn
tt,-0.644,"[-0.916, -0.372]",0.272,-3.950,0.000,4.722,ngd,47,356146460.534,0.196,-1.000,0.356,0,0,fn
c,-5.698,"[-8.147, -3.249]",2.449,-3.876,0.000,4.722,ngd,47,356146460.534,0.196,-6.000,0.302,0,0,fn
s,-2.688,"[-3.789, -1.588]",1.101,-4.069,0.000,4.722,ngd,47,356146460.534,0.196,-3.000,0.312,0,0,fn
vot,0.113,,,,,4.722,ngd,47,356146460.534,0.196,0.167,-0.054,0,0,fn
tt,-2.916,"[-9.595, 3.764]",6.680,-0.727,0.469,5.478,lm,47,2993325313.857,0.569,-1.000,-1.916,1,0,fn
c,-5.172,"[-18.313, 7.969]",13.141,-0.656,0.514,5.478,lm,47,2993325313.857,0.569,-6.000,0.828,1,0,fn
s,-1.784,"[-5.156, 1.587]",3.372,-0.882,0.381,5.478,lm,47,2993325313.857,0.569,-3.000,1.216,1,0,fn
vot,0.564,,,,,5.478,lm,47,2993325313.857,0.569,0.167,0.397,0,0,fn
tt,-1.020,"[-1.274, -0.767]",0.253,-6.717,0.000,10.070,ngd+lm,47,197063540.501,0.146,-1.000,-0.020,0,0,fn
c,-6.668,"[-8.438, -4.899]",1.770,-6.278,0.000,10.070,ngd+lm,47,197063540.501,0.146,-6.000,-0.668,0,0,fn
s,-3.074,"[-3.847, -2.301]",0.773,-6.627,0.000,10.070,ngd+lm,47,197063540.501,0.146,-3.000,-0.074,0,0,fn
vot,0.153,,,,,10.070,ngd+lm,47,197063540.501,0.146,0.167,-0.014,0,0,fn
tt,-0.546,"[-0.758, -0.334]",0.212,-4.295,0.000,4.739,ngd,48,258821744.100,0.167,-1.000,0.454,0,0,fn
c,-4.554,"[-6.092, -3.015]",1.538,-4.931,0.000,4.739,ngd,48,258821744.100,0.167,-6.000,1.446,0,0,fn
s,-2.362,"[-3.165, -1.558]",0.804,-4.896,0.000,4.739,ngd,48,258821744.100,0.167,-3.000,0.638,0,0,fn
vot,0.120,,,,,4.739,ngd,48,258821744.100,0.167,0.167,-0.047,0,0,fn
tt,-1.165,"[-1.509, -0.821]",0.344,-5.643,0.000,5.391,lm,48,186513784.217,0.142,-1.000,-0.165,0,0,fn
c,-7.451,"[-9.64, -5.263]",2.188,-5.672,0.000,5.391,lm,48,186513784.217,0.142,-6.000,-1.451,0,0,fn
s,-3.769,"[-4.908, -2.631]",1.138,-5.516,0.000,5.391,lm,48,186513784.217,0.142,-3.000,-0.769,0,0,fn
vot,0.156,,,,,5.391,lm,48,186513784.217,0.142,0.167,-0.010,0,0,fn
tt,-1.165,"[-1.509, -0.821]",0.344,-5.643,0.000,10.248,ngd+lm,48,186513784.217,0.142,-1.000,-0.165,0,0,fn
c,-7.451,"[-9.64, -5.263]",2.188,-5.672,0.000,10.248,ngd+lm,48,186513784.217,0.142,-6.000,-1.451,0,0,fn
s,-3.769,"[-4.908, -2.631]",1.138,-5.516,0.000,10.248,ngd+lm,48,186513784.217,0.142,-3.000,-0.769,0,0,fn
vot,0.156,,,,,10.248,ngd+lm,48,186513784.217,0.142,0.167,-0.010,0,0,fn
tt,-0.842,"[-1.215, -0.469]",0.373,-3.763,0.000,4.921,ngd,49,291359912.147,0.177,-1.000,0.158,0,0,fn
c,-5.481,"[-7.668, -3.295]",2.186,-4.176,0.000,4.921,ngd,49,291359912.147,0.177,-6.000,0.519,0,0,fn
s,-3.511,"[-5.014, -2.008]",1.503,-3.892,0.000,4.921,ngd,49,291359912.147,0.177,-3.000,-0.511,0,0,fn
vot,0.154,,,,,4.921,ngd,49,291359912.147,0.177,0.167,-0.013,0,0,fn
tt,-2.789,"[-6.572, 0.995]",3.783,-1.228,0.223,5.126,lm,49,2102846344.659,0.474,-1.000,-1.789,1,0,fn
c,-4.674,"[-10.695, 1.346]",6.020,-1.293,0.200,5.126,lm,49,2102846344.659,0.474,-6.000,1.326,1,0,fn
s,-3.482,"[-8.868, 1.903]",5.385,-1.077,0.285,5.126,lm,49,2102846344.659,0.474,-3.000,-0.482,1,0,fn
vot,0.597,,,,,5.126,lm,49,2102846344.659,0.474,0.167,0.430,0,0,fn
tt,-1.217,"[-1.725, -0.709]",0.508,-3.990,0.000,10.257,ngd+lm,49,171109769.572,0.135,-1.000,-0.217,0,0,fn
c,-7.461,"[-10.447, -4.475]",2.986,-4.163,0.000,10.257,ngd+lm,49,171109769.572,0.135,-6.000,-1.461,0,0,fn
s,-3.489,"[-4.945, -2.034]",1.455,-3.995,0.000,10.257,ngd+lm,49,171109769.572,0.135,-3.000,-0.489,0,0,fn
vot,0.163,,,,,10.257,ngd+lm,49,171109769.572,0.135,0.167,-0.004,0,0,fn
tt,-1.288,"[-1.863, -0.713]",0.575,-3.730,0.000,4.808,ngd,50,271712140.794,0.169,-1.000,-0.288,0,0,fn
c,-5.243,"[-7.526, -2.96]",2.283,-3.826,0.000,4.808,ngd,50,271712140.794,0.169,-6.000,0.757,0,0,fn
s,-3.726,"[-5.449, -2.003]",1.723,-3.603,0.001,4.808,ngd,50,271712140.794,0.169,-3.000,-0.726,0,0,fn
vot,0.246,,,,,4.808,ngd,50,271712140.794,0.169,0.167,0.079,0,0,fn
tt,-1.032,"[-1.437, -0.626]",0.405,-4.241,0.000,5.304,lm,50,234140530.435,0.157,-1.000,-0.032,0,0,fn
c,-5.712,"[-7.951, -3.472]",2.240,-4.249,0.000,5.304,lm,50,234140530.435,0.157,-6.000,0.288,0,0,fn
s,-3.390,"[-4.693, -2.087]",1.303,-4.333,0.000,5.304,lm,50,234140530.435,0.157,-3.000,-0.390,0,0,fn
vot,0.181,,,,,5.304,lm,50,234140530.435,0.157,0.167,0.014,0,0,fn
tt,-1.032,"[-1.438, -0.627]",0.406,-4.240,0.000,10.202,ngd+lm,50,234140468.025,0.157,-1.000,-0.032,0,0,fn
c,-5.717,"[-7.959, -3.474]",2.242,-4.248,0.000,10.202,ngd+lm,50,234140468.025,0.157,-6.000,0.283,0,0,fn
s,-3.392,"[-4.697, -2.088]",1.305,-4.332,0.000,10.202,ngd+lm,50,234140468.025,0.157,-3.000,-0.392,0,0,fn
vot,0.181,,,,,10.202,ngd+lm,50,234140468.025,0.157,0.167,0.014,0,0,fn
tt,-1.219,"[-1.638, -0.801]",0.418,-4.853,0.000,4.891,ngd,51,259168539.244,0.167,-1.000,-0.219,0,0,fn
c,-5.469,"[-7.415, -3.524]",1.945,-4.684,0.000,4.891,ngd,51,259168539.244,0.167,-6.000,0.531,0,0,fn
s,-3.099,"[-4.217, -1.981]",1.118,-4.619,0.000,4.891,ngd,51,259168539.244,0.167,-3.000,-0.099,0,0,fn
vot,0.223,,,,,4.891,ngd,51,259168539.244,0.167,0.167,0.056,0,0,fn
tt,-1.190,"[-1.562, -0.817]",0.372,-5.323,0.000,5.381,lm,51,202310397.672,0.147,-1.000,-0.190,0,0,fn
c,-6.749,"[-8.806, -4.691]",2.058,-5.465,0.000,5.381,lm,51,202310397.672,0.147,-6.000,-0.749,0,0,fn
s,-3.648,"[-4.771, -2.524]",1.124,-5.409,0.000,5.381,lm,51,202310397.672,0.147,-3.000,-0.648,0,0,fn
vot,0.176,,,,,5.381,lm,51,202310397.672,0.147,0.167,0.010,0,0,fn
tt,-1.190,"[-1.562, -0.817]",0.372,-5.323,0.000,9.995,ngd+lm,51,202310397.352,0.147,-1.000,-0.190,0,0,fn
c,-6.749,"[-8.807, -4.691]",2.058,-5.464,0.000,9.995,ngd+lm,51,202310397.352,0.147,-6.000,-0.749,0,0,fn
s,-3.648,"[-4.772, -2.524]",1.124,-5.409,0.000,9.995,ngd+lm,51,202310397.352,0.147,-3.000,-0.648,0,0,fn
vot,0.176,,,,,9.995,ngd+lm,51,202310397.352,0.147,0.167,0.010,0,0,fn
tt,-0.714,"[-0.959, -0.468]",0.246,-4.842,0.000,4.910,ngd,52,176710215.860,0.135,-1.000,0.286,0,0,fn
c,-4.424,"[-5.913, -2.935]",1.489,-4.949,0.000,4.910,ngd,52,176710215.860,0.135,-6.000,1.576,0,0,fn
s,-2.501,"[-3.309, -1.693]",0.808,-5.158,0.000,4.910,ngd,52,176710215.860,0.135,-3.000,0.499,0,0,fn
vot,0.161,,,,,4.910,ngd,52,176710215.860,0.135,0.167,-0.005,0,0,fn
tt,-0.864,"[-1.136, -0.593]",0.272,-5.302,0.000,5.348,lm,52,154923686.205,0.126,-1.000,0.136,0,0,fn
c,-5.065,"[-6.645, -3.485]",1.580,-5.341,0.000,5.348,lm,52,154923686.205,0.126,-6.000,0.935,0,0,fn
s,-2.631,"[-3.427, -1.835]",0.796,-5.505,0.000,5.348,lm,52,154923686.205,0.126,-3.000,0.369,0,0,fn
vot,0.171,,,,,5.348,lm,52,154923686.205,0.126,0.167,0.004,0,0,fn
tt,-0.865,"[-1.137, -0.593]",0.272,-5.301,0.000,10.215,ngd+lm,52,154923653.577,0.126,-1.000,0.135,0,0,fn
c,-5.068,"[-6.65, -3.487]",1.581,-5.340,0.000,10.215,ngd+lm,52,154923653.577,0.126,-6.000,0.932,0,0,fn
s,-2.633,"[-3.43, -1.836]",0.797,-5.503,0.000,10.215,ngd+lm,52,154923653.577,0.126,-3.000,0.367,0,0,fn
vot,0.171,,,,,10.215,ngd+lm,52,154923653.577,0.126,0.167,0.004,0,0,fn
tt,-1.172,"[-1.665, -0.68]",0.492,-3.967,0.000,4.928,ngd,53,265029382.782,0.161,-1.000,-0.172,0,0,fn
c,-6.241,"[-8.868, -3.615]",2.626,-3.959,0.000,4.928,ngd,53,265029382.782,0.161,-6.000,-0.241,0,0,fn
s,-3.023,"[-4.368, -1.678]",1.345,-3.745,0.000,4.928,ngd,53,265029382.782,0.161,-3.000,-0.023,0,0,fn
vot,0.188,,,,,4.928,ngd,53,265029382.782,0.161,0.167,0.021,0,0,fn
tt,-1.647,"[-2.798, -0.496]",1.151,-2.385,0.020,5.364,lm,53,649587267.987,0.252,-1.000,-0.647,0,0,fn
c,-5.959,"[-10.213, -1.705]",4.254,-2.334,0.022,5.364,lm,53,649587267.987,0.252,-6.000,0.041,0,0,fn
s,-3.127,"[-5.413, -0.84]",2.287,-2.278,0.026,5.364,lm,53,649587267.987,0.252,-3.000,-0.127,0,0,fn
vot,0.276,,,,,5.364,lm,53,649587267.987,0.252,0.167,0.110,0,0,fn
tt,-0.856,"[-1.166, -0.545]",0.311,-4.588,0.000,10.266,ngd+lm,53,235489950.333,0.152,-1.000,0.144,0,0,fn
c,-5.168,"[-7.007, -3.329]",1.839,-4.682,0.000,10.266,ngd+lm,53,235489950.333,0.152,-6.000,0.832,0,0,fn
s,-2.453,"[-3.397, -1.508]",0.945,-4.325,0.000,10.266,ngd+lm,53,235489950.333,0.152,-3.000,0.547,0,0,fn
vot,0.166,,,,,10.266,ngd+lm,53,235489950.333,0.152,0.167,-0.001,0,0,fn
tt,-1.241,"[-1.694, -0.787]",0.454,-4.557,0.000,5.033,ngd,54,229114947.196,0.160,-1.000,-0.241,0,0,fn
c,-5.919,"[-8.077, -3.76]",2.158,-4.569,0.000,5.033,ngd,54,229114947.196,0.160,-6.000,0.081,0,0,fn
s,-3.497,"[-4.783, -2.211]",1.286,-4.531,0.000,5.033,ngd,54,229114947.196,0.160,-3.000,-0.497,0,0,fn
vot,0.210,,,,,5.033,ngd,54,229114947.196,0.160,0.167,0.043,0,0,fn
tt,-0.193,"[-0.376, -0.011]",0.182,-1.769,0.081,5.348,lm,54,698835049.820,0.280,-1.000,0.807,0,0,fn
c,-5.513,"[-9.476, -1.55]",3.963,-2.317,0.023,5.348,lm,54,698835049.820,0.280,-6.000,0.487,0,0,fn
s,-4.139,"[-7.144, -1.135]",3.005,-2.295,0.025,5.348,lm,54,698835049.820,0.280,-3.000,-1.139,0,0,fn
vot,0.035,,,,,5.348,lm,54,698835049.820,0.280,0.167,-0.132,0,0,fn
tt,-0.907,"[-1.171, -0.643]",0.264,-5.727,0.000,10.138,ngd+lm,54,189092833.299,0.146,-1.000,0.093,0,0,fn
c,-5.576,"[-7.223, -3.928]",1.648,-5.638,0.000,10.138,ngd+lm,54,189092833.299,0.146,-6.000,0.424,0,0,fn
s,-3.118,"[-3.998, -2.237]",0.880,-5.900,0.000,10.138,ngd+lm,54,189092833.299,0.146,-3.000,-0.118,0,0,fn
vot,0.163,,,,,10.138,ngd+lm,54,189092833.299,0.146,0.167,-0.004,0,0,fn
tt,-1.113,"[-1.575, -0.65]",0.462,-4.010,0.000,4.999,ngd,55,204056698.739,0.146,-1.000,-0.113,0,0,fn
c,-7.128,"[-9.897, -4.359]",2.769,-4.288,0.000,4.999,ngd,55,204056698.739,0.146,-6.000,-1.128,0,0,fn
s,-3.571,"[-5.063, -2.078]",1.492,-3.986,0.000,4.999,ngd,55,204056698.739,0.146,-3.000,-0.571,0,0,fn
vot,0.156,,,,,4.999,ngd,55,204056698.739,0.146,0.167,-0.011,0,0,fn
tt,0.891,"[-0.624, 2.407]",1.516,0.980,0.330,5.250,lm,55,4126461867.236,0.654,-1.000,1.891,1,0,fn
c,-7.052,"[-17.747, 3.642]",10.694,-1.099,0.276,5.250,lm,55,4126461867.236,0.654,-6.000,-1.052,1,0,fn
s,-3.530,"[-9.765, 2.705]",6.235,-0.943,0.349,5.250,lm,55,4126461867.236,0.654,-3.000,-0.530,1,0,fn
vot,-0.126,,,,,5.250,lm,55,4126461867.236,0.654,0.167,-0.293,0,0,fn
tt,-1.320,"[-1.906, -0.734]",0.586,-3.753,0.000,10.238,ngd+lm,55,199350888.846,0.144,-1.000,-0.320,0,0,fn
c,-7.979,"[-11.341, -4.616]",3.363,-3.953,0.000,10.238,ngd+lm,55,199350888.846,0.144,-6.000,-1.979,0,0,fn
s,-4.014,"[-5.784, -2.243]",1.771,-3.776,0.000,10.238,ngd+lm,55,199350888.846,0.144,-3.000,-1.014,0,0,fn
vot,0.165,,,,,10.238,ngd+lm,55,199350888.846,0.144,0.167,-0.001,0,0,fn
tt,-0.866,"[-1.197, -0.536]",0.330,-4.367,0.000,4.973,ngd,56,211982857.745,0.153,-1.000,0.134,0,0,fn
c,-6.502,"[-8.818, -4.186]",2.316,-4.677,0.000,4.973,ngd,56,211982857.745,0.153,-6.000,-0.502,0,0,fn
s,-2.867,"[-4.066, -1.668]",1.199,-3.984,0.000,4.973,ngd,56,211982857.745,0.153,-3.000,0.133,0,0,fn
vot,0.133,,,,,4.973,ngd,56,211982857.745,0.153,0.167,-0.033,0,0,fn
tt,-0.791,"[-1.063, -0.519]",0.272,-4.849,0.000,5.540,lm,56,193200215.790,0.146,-1.000,0.209,0,0,fn
c,-5.190,"[-6.829, -3.551]",1.639,-5.275,0.000,5.540,lm,56,193200215.790,0.146,-6.000,0.810,0,0,fn
s,-2.644,"[-3.605, -1.683]",0.961,-4.584,0.000,5.540,lm,56,193200215.790,0.146,-3.000,0.356,0,0,fn
vot,0.152,,,,,5.540,lm,56,193200215.790,0.146,0.167,-0.014,0,0,fn
tt,-0.791,"[-1.062, -0.519]",0.272,-4.849,0.000,10.123,ngd+lm,56,193200233.347,0.146,-1.000,0.209,0,0,fn
c,-5.186,"[-6.824, -3.549]",1.638,-5.275,0.000,10.123,ngd+lm,56,193200233.347,0.146,-6.000,0.814,0,0,fn
s,-2.642,"[-3.602, -1.682]",0.960,-4.584,0.000,10.123,ngd+lm,56,193200233.347,0.146,-3.000,0.358,0,0,fn
vot,0.152,,,,,10.123,ngd+lm,56,193200233.347,0.146,0.167,-0.014,0,0,fn
tt,-1.433,"[-2.113, -0.753]",0.680,-3.510,0.001,5.071,ngd,57,212730316.680,0.148,-1.000,-0.433,0,0,fn
c,-8.183,"[-12.052, -4.314]",3.869,-3.524,0.001,5.071,ngd,57,212730316.680,0.148,-6.000,-2.183,0,0,fn
s,-3.993,"[-5.907, -2.078]",1.915,-3.474,0.001,5.071,ngd,57,212730316.680,0.148,-3.000,-0.993,0,0,fn
vot,0.175,,,,,5.071,ngd,57,212730316.680,0.148,0.167,0.008,0,0,fn
tt,-1.760,"[-2.675, -0.845]",0.915,-3.204,0.002,5.392,lm,57,192751869.954,0.141,-1.000,-0.760,0,0,fn
c,-11.758,"[-17.901, -5.616]",6.142,-3.189,0.002,5.392,lm,57,192751869.954,0.141,-6.000,-5.758,0,0,fn
s,-5.463,"[-8.191, -2.736]",2.727,-3.337,0.001,5.392,lm,57,192751869.954,0.141,-3.000,-2.463,0,0,fn
vot,0.150,,,,,5.392,lm,57,192751869.954,0.141,0.167,-0.017,0,0,fn
tt,-1.762,"[-2.679, -0.845]",0.917,-3.202,0.002,10.506,ngd+lm,57,192751821.778,0.141,-1.000,-0.762,0,0,fn
c,-11.775,"[-17.93, -5.62]",6.155,-3.187,0.002,10.506,ngd+lm,57,192751821.778,0.141,-6.000,-5.775,0,0,fn
s,-5.471,"[-8.203, -2.738]",2.733,-3.335,0.001,10.506,ngd+lm,57,192751821.778,0.141,-3.000,-2.471,0,0,fn
vot,0.150,,,,,10.506,ngd+lm,57,192751821.778,0.141,0.167,-0.017,0,0,fn
tt,-1.203,"[-1.524, -0.882]",0.321,-6.246,0.000,4.889,ngd,58,196498394.713,0.144,-1.000,-0.203,0,0,fn
c,-5.520,"[-7.18, -3.86]",1.660,-5.539,0.000,4.889,ngd,58,196498394.713,0.144,-6.000,0.480,0,0,fn
s,-2.635,"[-3.438, -1.833]",0.802,-5.473,0.000,4.889,ngd,58,196498394.713,0.144,-3.000,0.365,0,0,fn
vot,0.218,,,,,4.889,ngd,58,196498394.713,0.144,0.167,0.051,0,0,fn
tt,-1.114,"[-1.401, -0.827]",0.287,-6.474,0.000,5.324,lm,58,179513724.846,0.137,-1.000,-0.114,0,0,fn
c,-6.098,"[-7.767, -4.429]",1.669,-6.088,0.000,5.324,lm,58,179513724.846,0.137,-6.000,-0.098,0,0,fn
s,-2.955,"[-3.795, -2.116]",0.840,-5.864,0.000,5.324,lm,58,179513724.846,0.137,-3.000,0.045,0,0,fn
vot,0.183,,,,,5.324,lm,58,179513724.846,0.137,0.167,0.016,0,0,fn
tt,-1.114,"[-1.401, -0.827]",0.287,-6.474,0.000,10.243,ngd+lm,58,179513724.846,0.137,-1.000,-0.114,0,0,fn
c,-6.098,"[-7.767, -4.429]",1.669,-6.088,0.000,10.243,ngd+lm,58,179513724.846,0.137,-6.000,-0.098,0,0,fn
s,-2.955,"[-3.795, -2.116]",0.840,-5.864,0.000,10.243,ngd+lm,58,179513724.846,0.137,-3.000,0.045,0,0,fn
vot,0.183,,,,,10.243,ngd+lm,58,179513724.846,0.137,0.167,0.016,0,0,fn
tt,-0.586,"[-0.835, -0.337]",0.249,-3.921,0.000,4.838,ngd,59,278318979.963,0.177,-1.000,0.414,0,0,fn
c,-5.223,"[-7.307, -3.138]",2.085,-4.174,0.000,4.838,ngd,59,278318979.963,0.177,-6.000,0.777,0,0,fn
s,-2.615,"[-3.592, -1.637]",0.978,-4.457,0.000,4.838,ngd,59,278318979.963,0.177,-3.000,0.385,0,0,fn
vot,0.112,,,,,4.838,ngd,59,278318979.963,0.177,0.167,-0.054,0,0,fn
tt,-2.452,"[-6.459, 1.556]",4.008,-1.019,0.312,5.398,lm,59,2500115944.772,0.530,-1.000,-1.452,1,0,fn
c,-4.815,"[-12.971, 3.341]",8.156,-0.984,0.329,5.398,lm,59,2500115944.772,0.530,-6.000,1.185,1,0,fn
s,-1.956,"[-5.848, 1.935]",3.891,-0.838,0.405,5.398,lm,59,2500115944.772,0.530,-3.000,1.044,1,0,fn
vot,0.509,,,,,5.398,lm,59,2500115944.772,0.530,0.167,0.342,0,0,fn
tt,-1.191,"[-1.567, -0.816]",0.376,-5.280,0.000,10.226,ngd+lm,59,147683610.363,0.129,-1.000,-0.191,0,0,fn
c,-7.517,"[-9.842, -5.192]",2.325,-5.387,0.000,10.226,ngd+lm,59,147683610.363,0.129,-6.000,-1.517,0,0,fn
s,-3.788,"[-4.925, -2.651]",1.137,-5.551,0.000,10.226,ngd+lm,59,147683610.363,0.129,-3.000,-0.788,0,0,fn
vot,0.158,,,,,10.226,ngd+lm,59,147683610.363,0.129,0.167,-0.008,0,0,fn
tt,-0.810,"[-1.181, -0.44]",0.371,-3.641,0.001,4.907,ngd,60,270101193.803,0.172,-1.000,0.190,0,0,fn
c,-6.391,"[-9.341, -3.441]",2.950,-3.609,0.001,4.907,ngd,60,270101193.803,0.172,-6.000,-0.391,0,0,fn
s,-2.960,"[-4.137, -1.783]",1.177,-4.190,0.000,4.907,ngd,60,270101193.803,0.172,-3.000,0.040,0,0,fn
vot,0.127,,,,,4.907,ngd,60,270101193.803,0.172,0.167,-0.040,0,0,fn
tt,-1.203,"[-1.72, -0.685]",0.517,-3.872,0.000,5.382,lm,60,224107621.472,0.157,-1.000,-0.203,0,0,fn
c,-7.202,"[-10.233, -4.171]",3.031,-3.958,0.000,5.382,lm,60,224107621.472,0.157,-6.000,-1.202,0,0,fn
s,-3.303,"[-4.494, -2.111]",1.192,-4.617,0.000,5.382,lm,60,224107621.472,0.157,-3.000,-0.303,0,0,fn
vot,0.167,,,,,5.382,lm,60,224107621.472,0.157,0.167,0.000,0,0,fn
tt,-1.203,"[-1.721, -0.685]",0.518,-3.872,0.000,10.043,ngd+lm,60,224107615.775,0.157,-1.000,-0.203,0,0,fn
c,-7.204,"[-10.237, -4.171]",3.033,-3.957,0.000,10.043,ngd+lm,60,224107615.775,0.157,-6.000,-1.204,0,0,fn
s,-3.303,"[-4.495, -2.111]",1.192,-4.616,0.000,10.043,ngd+lm,60,224107615.775,0.157,-3.000,-0.303,0,0,fn
vot,0.167,,,,,10.043,ngd+lm,60,224107615.775,0.157,0.167,0.000,0,0,fn
tt,-1.052,"[-1.448, -0.655]",0.397,-4.419,0.000,4.985,ngd,61,204540090.723,0.149,-1.000,-0.052,0,0,fn
c,-7.901,"[-10.803, -4.999]",2.902,-4.536,0.000,4.985,ngd,61,204540090.723,0.149,-6.000,-1.901,0,0,fn
s,-4.485,"[-6.307, -2.664]",1.822,-4.102,0.000,4.985,ngd,61,204540090.723,0.149,-3.000,-1.485,0,0,fn
vot,0.133,,,,,4.985,ngd,61,204540090.723,0.149,0.167,-0.034,0,0,fn
tt,-1.018,"[-1.336, -0.7]",0.318,-5.331,0.000,5.418,lm,61,175552532.573,0.138,-1.000,-0.018,0,0,fn
c,-6.256,"[-8.217, -4.295]",1.961,-5.315,0.000,5.418,lm,61,175552532.573,0.138,-6.000,-0.256,0,0,fn
s,-3.554,"[-4.782, -2.326]",1.228,-4.822,0.000,5.418,lm,61,175552532.573,0.138,-3.000,-0.554,0,0,fn
vot,0.163,,,,,5.418,lm,61,175552532.573,0.138,0.167,-0.004,0,0,fn
tt,-1.018,"[-1.336, -0.7]",0.318,-5.330,0.000,10.348,ngd+lm,61,175552524.303,0.138,-1.000,-0.018,0,0,fn
c,-6.258,"[-8.22, -4.296]",1.962,-5.314,0.000,10.348,ngd+lm,61,175552524.303,0.138,-6.000,-0.258,0,0,fn
s,-3.555,"[-4.784, -2.326]",1.229,-4.820,0.000,10.348,ngd+lm,61,175552524.303,0.138,-3.000,-0.555,0,0,fn
vot,0.163,,,,,10.348,ngd+lm,61,175552524.303,0.138,0.167,-0.004,0,0,fn
tt,-1.239,"[-1.873, -0.605]",0.634,-3.257,0.002,5.033,ngd,62,256297346.889,0.163,-1.000,-0.239,0,0,fn
c,-5.666,"[-8.605, -2.727]",2.939,-3.211,0.002,5.033,ngd,62,256297346.889,0.163,-6.000,0.334,0,0,fn
s,-2.992,"[-4.345, -1.639]",1.353,-3.684,0.000,5.033,ngd,62,256297346.889,0.163,-3.000,0.008,0,0,fn
vot,0.219,,,,,5.033,ngd,62,256297346.889,0.163,0.167,0.052,0,0,fn
tt,-0.961,"[-1.328, -0.593]",0.367,-4.355,0.000,5.322,lm,62,156811859.481,0.128,-1.000,0.039,0,0,fn
c,-5.724,"[-7.865, -3.583]",2.141,-4.454,0.000,5.322,lm,62,156811859.481,0.128,-6.000,0.276,0,0,fn
s,-2.871,"[-3.826, -1.915]",0.956,-5.003,0.000,5.322,lm,62,156811859.481,0.128,-3.000,0.129,0,0,fn
vot,0.168,,,,,5.322,lm,62,156811859.481,0.128,0.167,0.001,0,0,fn
tt,-0.961,"[-1.328, -0.593]",0.367,-4.355,0.000,10.439,ngd+lm,62,156811859.452,0.128,-1.000,0.039,0,0,fn
c,-5.724,"[-7.865, -3.583]",2.141,-4.453,0.000,10.439,ngd+lm,62,156811859.452,0.128,-6.000,0.276,0,0,fn
s,-2.871,"[-3.827, -1.915]",0.956,-5.003,0.000,10.439,ngd+lm,62,156811859.452,0.128,-3.000,0.129,0,0,fn
vot,0.168,,,,,10.439,ngd+lm,62,156811859.452,0.128,0.167,0.001,0,0,fn
tt,-1.087,"[-1.651, -0.523]",0.564,-3.212,0.002,4.960,ngd,63,210174533.995,0.152,-1.000,-0.087,0,0,fn
c,-7.389,"[-11.125, -3.652]",3.736,-3.294,0.002,4.960,ngd,63,210174533.995,0.152,-6.000,-1.389,0,0,fn
s,-4.229,"[-6.156, -2.302]",1.927,-3.657,0.000,4.960,ngd,63,210174533.995,0.152,-3.000,-1.229,0,0,fn
vot,0.147,,,,,4.960,ngd,63,210174533.995,0.152,0.167,-0.020,0,0,fn
tt,-2.535,"[-4.906, -0.165]",2.371,-1.782,0.079,5.437,lm,63,536811183.779,0.244,-1.000,-1.535,0,0,fn
c,-23.049,"[-45.509, -0.588]",22.460,-1.710,0.092,5.437,lm,63,536811183.779,0.244,-6.000,-17.049,0,0,fn
s,-4.415,"[-8.925, 0.095]",4.510,-1.631,0.107,5.437,lm,63,536811183.779,0.244,-3.000,-1.415,1,0,fn
vot,0.110,,,,,5.437,lm,63,536811183.779,0.244,0.167,-0.057,0,0,fn
tt,-1.477,"[-2.268, -0.686]",0.791,-3.112,0.003,10.327,ngd+lm,63,184616652.844,0.143,-1.000,-0.477,0,0,fn
c,-9.499,"[-14.595, -4.402]",5.097,-3.105,0.003,10.327,ngd+lm,63,184616652.844,0.143,-6.000,-3.499,0,0,fn
s,-4.576,"[-6.82, -2.333]",2.243,-3.399,0.001,10.327,ngd+lm,63,184616652.844,0.143,-3.000,-1.576,0,0,fn
vot,0.156,,,,,10.327,ngd+lm,63,184616652.844,0.143,0.167,-0.011,0,0,fn
tt,-1.264,"[-2.053, -0.475]",0.789,-2.669,0.009,4.893,ngd,64,229146950.776,0.155,-1.000,-0.264,0,0,fn
c,-6.895,"[-10.908, -2.882]",4.013,-2.863,0.005,4.893,ngd,64,229146950.776,0.155,-6.000,-0.895,0,0,fn
s,-3.314,"[-5.269, -1.359]",1.955,-2.825,0.006,4.893,ngd,64,229146950.776,0.155,-3.000,-0.314,0,0,fn
vot,0.183,,,,,4.893,ngd,64,229146950.776,0.155,0.167,0.017,0,0,fn
tt,0.740,"[-1.113, 2.593]",1.853,0.665,0.508,5.356,lm,64,6653967771.467,0.837,-1.000,1.740,1,0,fn
c,-7.159,"[-26.699, 12.381]",19.540,-0.610,0.543,5.356,lm,64,6653967771.467,0.837,-6.000,-1.159,1,0,fn
s,-2.878,"[-11.47, 5.714]",8.592,-0.558,0.578,5.356,lm,64,6653967771.467,0.837,-3.000,0.122,1,0,fn
vot,-0.103,,,,,5.356,lm,64,6653967771.467,0.837,0.167,-0.270,0,0,fn
tt,-0.576,"[-0.817, -0.335]",0.241,-3.983,0.000,10.298,ngd+lm,64,189651604.401,0.141,-1.000,0.424,0,0,fn
c,-3.880,"[-5.3, -2.46]",1.420,-4.553,0.000,10.298,ngd+lm,64,189651604.401,0.141,-6.000,2.120,0,0,fn
s,-1.977,"[-2.749, -1.204]",0.773,-4.262,0.000,10.298,ngd+lm,64,189651604.401,0.141,-3.000,1.023,0,0,fn
vot,0.148,,,,,10.298,ngd+lm,64,189651604.401,0.141,0.167,-0.018,0,0,fn
tt,-0.853,"[-1.154, -0.553]",0.300,-4.730,0.000,4.868,ngd,65,174316094.935,0.140,-1.000,0.147,0,0,fn
c,-4.523,"[-5.923, -3.123]",1.400,-5.382,0.000,4.868,ngd,65,174316094.935,0.140,-6.000,1.477,0,0,fn
s,-2.294,"[-3.106, -1.482]",0.812,-4.708,0.000,4.868,ngd,65,174316094.935,0.140,-3.000,0.706,0,0,fn
vot,0.189,,,,,4.868,ngd,65,174316094.935,0.140,0.167,0.022,0,0,fn
tt,-2.539,"[-6.042, 0.964]",3.503,-1.208,0.231,5.340,lm,65,2574351414.686,0.537,-1.000,-1.539,1,0,fn
c,-4.068,"[-9.747, 1.612]",5.680,-1.193,0.237,5.340,lm,65,2574351414.686,0.537,-6.000,1.932,1,0,fn
s,-1.199,"[-3.498, 1.1]",2.299,-0.869,0.388,5.340,lm,65,2574351414.686,0.537,-3.000,1.801,1,0,fn
vot,0.624,,,,,5.340,lm,65,2574351414.686,0.537,0.167,0.458,0,0,fn
tt,-1.031,"[-1.403, -0.658]",0.373,-4.604,0.000,10.221,ngd+lm,65,163359207.382,0.135,-1.000,-0.031,0,0,fn
c,-5.762,"[-7.636, -3.888]",1.874,-5.122,0.000,10.221,ngd+lm,65,163359207.382,0.135,-6.000,0.238,0,0,fn
s,-3.006,"[-4.08, -1.931]",1.075,-4.659,0.000,10.221,ngd+lm,65,163359207.382,0.135,-3.000,-0.006,0,0,fn
vot,0.179,,,,,10.221,ngd+lm,65,163359207.382,0.135,0.167,0.012,0,0,fn
tt,-1.272,"[-1.778, -0.766]",0.506,-4.187,0.000,4.695,ngd,66,217171783.599,0.146,-1.000,-0.272,0,0,fn
c,-6.171,"[-8.918, -3.423]",2.747,-3.742,0.000,4.695,ngd,66,217171783.599,0.146,-6.000,-0.171,0,0,fn
s,-3.037,"[-4.308, -1.766]",1.271,-3.980,0.000,4.695,ngd,66,217171783.599,0.146,-3.000,-0.037,0,0,fn
vot,0.206,,,,,4.695,ngd,66,217171783.599,0.146,0.167,0.039,0,0,fn
tt,-1.426,"[-2.095, -0.758]",0.668,-3.555,0.001,5.379,lm,66,197665871.976,0.139,-1.000,-0.426,0,0,fn
c,-8.321,"[-12.768, -3.875]",4.446,-3.118,0.003,5.379,lm,66,197665871.976,0.139,-6.000,-2.321,0,0,fn
s,-3.740,"[-5.683, -1.798]",1.943,-3.208,0.002,5.379,lm,66,197665871.976,0.139,-3.000,-0.740,0,0,fn
vot,0.171,,,,,5.379,lm,66,197665871.976,0.139,0.167,0.005,0,0,fn
tt,-1.439,"[-2.117, -0.762]",0.678,-3.538,0.001,10.281,ngd+lm,66,197662705.903,0.139,-1.000,-0.439,0,0,fn
c,-8.402,"[-12.915, -3.89]",4.512,-3.102,0.003,10.281,ngd+lm,66,197662705.903,0.139,-6.000,-2.402,0,0,fn
s,-3.778,"[-5.75, -1.806]",1.972,-3.192,0.002,10.281,ngd+lm,66,197662705.903,0.139,-3.000,-0.778,0,0,fn
vot,0.171,,,,,10.281,ngd+lm,66,197662705.903,0.139,0.167,0.005,0,0,fn
tt,-1.180,"[-1.613, -0.747]",0.433,-4.535,0.000,4.971,ngd,67,224386273.543,0.160,-1.000,-0.180,0,0,fn
c,-5.347,"[-7.296, -3.398]",1.949,-4.571,0.000,4.971,ngd,67,224386273.543,0.160,-6.000,0.653,0,0,fn
s,-2.826,"[-3.878, -1.773]",1.053,-4.471,0.000,4.971,ngd,67,224386273.543,0.160,-3.000,0.174,0,0,fn
vot,0.221,,,,,4.971,ngd,67,224386273.543,0.160,0.167,0.054,0,0,fn
tt,-1.152,"[-1.579, -0.724]",0.427,-4.492,0.000,5.104,lm,67,166243782.834,0.137,-1.000,-0.152,0,0,fn
c,-6.458,"[-8.783, -4.133]",2.325,-4.627,0.000,5.104,lm,67,166243782.834,0.137,-6.000,-0.458,0,0,fn
s,-3.242,"[-4.484, -2.001]",1.241,-4.352,0.000,5.104,lm,67,166243782.834,0.137,-3.000,-0.242,0,0,fn
vot,0.178,,,,,5.104,lm,67,166243782.834,0.137,0.167,0.012,0,0,fn
tt,-1.152,"[-1.579, -0.724]",0.427,-4.492,0.000,10.422,ngd+lm,67,166243782.833,0.137,-1.000,-0.152,0,0,fn
c,-6.458,"[-8.783, -4.133]",2.325,-4.627,0.000,10.422,ngd+lm,67,166243782.833,0.137,-6.000,-0.458,0,0,fn
s,-3.242,"[-4.484, -2.001]",1.241,-4.352,0.000,10.422,ngd+lm,67,166243782.833,0.137,-3.000,-0.242,0,0,fn
vot,0.178,,,,,10.422,ngd+lm,67,166243782.833,0.137,0.167,0.012,0,0,fn
tt,-0.808,"[-1.141, -0.475]",0.333,-4.041,0.000,4.946,ngd,68,259913116.599,0.166,-1.000,0.192,0,0,fn
c,-5.621,"[-7.68, -3.563]",2.058,-4.551,0.000,4.946,ngd,68,259913116.599,0.166,-6.000,0.379,0,0,fn
s,-3.131,"[-4.262, -2.0]",1.131,-4.612,0.000,4.946,ngd,68,259913116.599,0.166,-3.000,-0.131,0,0,fn
vot,0.144,,,,,4.946,ngd,68,259913116.599,0.166,0.167,-0.023,0,0,fn
tt,-7377.988,"[nan, nan]",,,,5.162,lm,68,1136332007.741,0.346,-1.000,-7376.988,0,0,fn
c,-35282.062,"[nan, nan]",,,,5.162,lm,68,1136332007.741,0.346,-6.000,-35276.062,0,0,fn
s,-5536.905,"[nan, nan]",,,,5.162,lm,68,1136332007.741,0.346,-3.000,-5533.905,0,0,fn
vot,0.209,,,,,5.162,lm,68,1136332007.741,0.346,0.167,0.042,0,0,fn
tt,-0.687,"[-0.886, -0.488]",0.199,-5.756,0.000,10.248,ngd+lm,68,189404678.653,0.141,-1.000,0.313,0,0,fn
c,-3.876,"[-4.974, -2.779]",1.098,-5.884,0.000,10.248,ngd+lm,68,189404678.653,0.141,-6.000,2.124,0,0,fn
s,-1.946,"[-2.474, -1.418]",0.528,-6.139,0.000,10.248,ngd+lm,68,189404678.653,0.141,-3.000,1.054,0,0,fn
vot,0.177,,,,,10.248,ngd+lm,68,189404678.653,0.141,0.167,0.011,0,0,fn
tt,-1.249,"[-1.645, -0.853]",0.396,-5.253,0.000,5.080,ngd,69,293293651.735,0.165,-1.000,-0.249,0,0,fn
c,-6.202,"[-8.046, -4.357]",1.845,-5.601,0.000,5.080,ngd,69,293293651.735,0.165,-6.000,-0.202,0,0,fn
s,-3.352,"[-4.434, -2.271]",1.082,-5.163,0.000,5.080,ngd,69,293293651.735,0.165,-3.000,-0.352,0,0,fn
vot,0.201,,,,,5.080,ngd,69,293293651.735,0.165,0.167,0.035,0,0,fn
tt,-0.792,"[-1.005, -0.579]",0.213,-6.187,0.000,5.538,lm,69,222579695.753,0.143,-1.000,0.208,0,0,fn
c,-4.845,"[-6.021, -3.669]",1.176,-6.862,0.000,5.538,lm,69,222579695.753,0.143,-6.000,1.155,0,0,fn
s,-2.188,"[-2.751, -1.624]",0.563,-6.469,0.000,5.538,lm,69,222579695.753,0.143,-3.000,0.812,0,0,fn
vot,0.163,,,,,5.538,lm,69,222579695.753,0.143,0.167,-0.003,0,0,fn
tt,-0.792,"[-1.005, -0.579]",0.213,-6.187,0.000,10.246,ngd+lm,69,222579693.632,0.143,-1.000,0.208,0,0,fn
c,-4.846,"[-6.022, -3.669]",1.176,-6.862,0.000,10.246,ngd+lm,69,222579693.632,0.143,-6.000,1.154,0,0,fn
s,-2.188,"[-2.751, -1.624]",0.563,-6.469,0.000,10.246,ngd+lm,69,222579693.632,0.143,-3.000,0.812,0,0,fn
vot,0.163,,,,,10.246,ngd+lm,69,222579693.632,0.143,0.167,-0.003,0,0,fn
tt,-0.932,"[-1.222, -0.643]",0.290,-5.363,0.000,5.022,ngd,70,257487540.836,0.164,-1.000,0.068,0,0,fn
c,-5.271,"[-6.935, -3.607]",1.664,-5.278,0.000,5.022,ngd,70,257487540.836,0.164,-6.000,0.729,0,0,fn
s,-3.231,"[-4.212, -2.25]",0.981,-5.488,0.000,5.022,ngd,70,257487540.836,0.164,-3.000,-0.231,0,0,fn
vot,0.177,,,,,5.022,ngd,70,257487540.836,0.164,0.167,0.010,0,0,fn
tt,0.889,"[-0.028, 1.806]",0.917,1.614,0.111,5.332,lm,70,3234612175.029,0.581,-1.000,1.889,1,0,fn
c,-4.786,"[-9.984, 0.413]",5.198,-1.534,0.129,5.332,lm,70,3234612175.029,0.581,-6.000,1.214,1,0,fn
s,-3.917,"[-8.198, 0.363]",4.280,-1.525,0.132,5.332,lm,70,3234612175.029,0.581,-3.000,-0.917,1,0,fn
vot,-0.186,,,,,5.332,lm,70,3234612175.029,0.581,0.167,-0.352,0,0,fn
tt,-0.714,"[-0.909, -0.52]",0.194,-6.117,0.000,10.272,ngd+lm,70,212734238.865,0.149,-1.000,0.286,0,0,fn
c,-4.413,"[-5.644, -3.181]",1.231,-5.970,0.000,10.272,ngd+lm,70,212734238.865,0.149,-6.000,1.587,0,0,fn
s,-2.165,"[-2.749, -1.581]",0.584,-6.176,0.000,10.272,ngd+lm,70,212734238.865,0.149,-3.000,0.835,0,0,fn
vot,0.162,,,,,10.272,ngd+lm,70,212734238.865,0.149,0.167,-0.005,0,0,fn
tt,-1.027,"[-1.471, -0.583]",0.444,-3.854,0.000,4.828,ngd,71,182426419.878,0.136,-1.000,-0.027,0,0,fn
c,-6.321,"[-8.973, -3.668]",2.653,-3.970,0.000,4.828,ngd,71,182426419.878,0.136,-6.000,-0.321,0,0,fn
s,-3.066,"[-4.316, -1.816]",1.250,-4.085,0.000,4.828,ngd,71,182426419.878,0.136,-3.000,-0.066,0,0,fn
vot,0.162,,,,,4.828,ngd,71,182426419.878,0.136,0.167,-0.004,0,0,fn
tt,-49994.808,"[-6.760126215765231e+88, 6.760126215765231e+88]",67601262157652310800566405001551052638960869634114087223319379485882255057164614603112448.000,-0.000,1.000,5.451,lm,71,4654723876.261,0.686,-1.000,-49993.808,1,0,fn
c,14276.440,"[-4.71832620332833e+88, 4.71832620332833e+88]",47183262033283299810159330551777142715266659627703762509666472810463216581375524018847744.000,0.000,1.000,5.451,lm,71,4654723876.261,0.686,-6.000,14282.440,1,0,fn
s,-52081.722,"[-5.175721010160481e+88, 5.175721010160481e+88]",51757210101604808913396807525356469279534605636872279278243937887753069730976922261782528.000,-0.000,1.000,5.451,lm,71,4654723876.261,0.686,-3.000,-52078.722,1,0,fn
vot,-3.502,,,,,5.451,lm,71,4654723876.261,0.686,0.167,-3.669,0,0,fn
tt,-0.901,"[-1.242, -0.559]",0.341,-4.395,0.000,10.181,ngd+lm,71,173359591.550,0.132,-1.000,0.099,0,0,fn
c,-5.261,"[-7.21, -3.311]",1.949,-4.496,0.000,10.181,ngd+lm,71,173359591.550,0.132,-6.000,0.739,0,0,fn
s,-2.566,"[-3.516, -1.616]",0.950,-4.501,0.000,10.181,ngd+lm,71,173359591.550,0.132,-3.000,0.434,0,0,fn
vot,0.171,,,,,10.181,ngd+lm,71,173359591.550,0.132,0.167,0.005,0,0,fn
tt,-0.942,"[-1.165, -0.718]",0.224,-7.008,0.000,4.900,ngd,72,138071501.428,0.120,-1.000,0.058,0,0,fn
c,-4.880,"[-6.155, -3.606]",1.275,-6.379,0.000,4.900,ngd,72,138071501.428,0.120,-6.000,1.120,0,0,fn
s,-2.675,"[-3.389, -1.961]",0.714,-6.243,0.000,4.900,ngd,72,138071501.428,0.120,-3.000,0.325,0,0,fn
vot,0.193,,,,,4.900,ngd,72,138071501.428,0.120,0.167,0.026,0,0,fn
tt,-1.092,"[-1.371, -0.814]",0.278,-6.535,0.000,5.363,lm,72,118442182.831,0.111,-1.000,-0.092,0,0,fn
c,-7.049,"[-9.047, -5.051]",1.998,-5.878,0.000,5.363,lm,72,118442182.831,0.111,-6.000,-1.049,0,0,fn
s,-3.726,"[-4.765, -2.687]",1.039,-5.973,0.000,5.363,lm,72,118442182.831,0.111,-3.000,-0.726,0,0,fn
vot,0.155,,,,,5.363,lm,72,118442182.831,0.111,0.167,-0.012,0,0,fn
tt,-1.092,"[-1.371, -0.814]",0.278,-6.535,0.000,10.245,ngd+lm,72,118442182.721,0.111,-1.000,-0.092,0,0,fn
c,-7.049,"[-9.047, -5.051]",1.998,-5.878,0.000,10.245,ngd+lm,72,118442182.721,0.111,-6.000,-1.049,0,0,fn
s,-3.726,"[-4.766, -2.687]",1.039,-5.973,0.000,10.245,ngd+lm,72,118442182.721,0.111,-3.000,-0.726,0,0,fn
vot,0.155,,,,,10.245,ngd+lm,72,118442182.721,0.111,0.167,-0.012,0,0,fn
tt,-1.496,"[-2.085, -0.907]",0.589,-4.231,0.000,4.769,ngd,73,271880757.363,0.167,-1.000,-0.496,0,0,fn
c,-7.068,"[-10.023, -4.113]",2.955,-3.985,0.000,4.769,ngd,73,271880757.363,0.167,-6.000,-1.068,0,0,fn
s,-3.946,"[-5.527, -2.365]",1.581,-4.157,0.000,4.769,ngd,73,271880757.363,0.167,-3.000,-0.946,0,0,fn
vot,0.212,,,,,4.769,ngd,73,271880757.363,0.167,0.167,0.045,0,0,fn
tt,-0.888,"[-1.177, -0.6]",0.288,-5.130,0.000,5.357,lm,73,182348121.862,0.136,-1.000,0.112,0,0,fn
c,-5.128,"[-6.793, -3.464]",1.664,-5.133,0.000,5.357,lm,73,182348121.862,0.136,-6.000,0.872,0,0,fn
s,-2.600,"[-3.457, -1.743]",0.857,-5.057,0.000,5.357,lm,73,182348121.862,0.136,-3.000,0.400,0,0,fn
vot,0.173,,,,,5.357,lm,73,182348121.862,0.136,0.167,0.007,0,0,fn
tt,-0.888,"[-1.177, -0.6]",0.288,-5.130,0.000,10.188,ngd+lm,73,182348121.862,0.136,-1.000,0.112,0,0,fn
c,-5.128,"[-6.793, -3.464]",1.664,-5.133,0.000,10.188,ngd+lm,73,182348121.862,0.136,-6.000,0.872,0,0,fn
s,-2.600,"[-3.457, -1.743]",0.857,-5.057,0.000,10.188,ngd+lm,73,182348121.862,0.136,-3.000,0.400,0,0,fn
vot,0.173,,,,,10.188,ngd+lm,73,182348121.862,0.136,0.167,0.007,0,0,fn
tt,-1.015,"[-1.319, -0.71]",0.304,-5.555,0.000,4.856,ngd,74,186570566.024,0.143,-1.000,-0.015,0,0,fn
c,-6.231,"[-7.971, -4.491]",1.740,-5.967,0.000,4.856,ngd,74,186570566.024,0.143,-6.000,-0.231,0,0,fn
s,-3.174,"[-4.054, -2.294]",0.880,-6.007,0.000,4.856,ngd,74,186570566.024,0.143,-3.000,-0.174,0,0,fn
vot,0.163,,,,,4.856,ngd,74,186570566.024,0.143,0.167,-0.004,0,0,fn
tt,-0.813,"[-1.031, -0.596]",0.218,-6.225,0.000,5.565,lm,74,166174480.645,0.135,-1.000,0.187,0,0,fn
c,-4.827,"[-6.067, -3.588]",1.239,-6.488,0.000,5.565,lm,74,166174480.645,0.135,-6.000,1.173,0,0,fn
s,-2.403,"[-3.006, -1.799]",0.603,-6.633,0.000,5.565,lm,74,166174480.645,0.135,-3.000,0.597,0,0,fn
vot,0.168,,,,,5.565,lm,74,166174480.645,0.135,0.167,0.002,0,0,fn
tt,-0.813,"[-1.031, -0.596]",0.218,-6.225,0.000,10.097,ngd+lm,74,166174480.645,0.135,-1.000,0.187,0,0,fn
c,-4.827,"[-6.067, -3.588]",1.239,-6.488,0.000,10.097,ngd+lm,74,166174480.645,0.135,-6.000,1.173,0,0,fn
s,-2.403,"[-3.006, -1.799]",0.603,-6.633,0.000,10.097,ngd+lm,74,166174480.645,0.135,-3.000,0.597,0,0,fn
vot,0.168,,,,,10.097,ngd+lm,74,166174480.645,0.135,0.167,0.002,0,0,fn
tt,-1.344,"[-1.878, -0.81]",0.534,-4.195,0.000,4.976,ngd,75,205442305.009,0.145,-1.000,-0.344,0,0,fn
c,-6.967,"[-9.507, -4.427]",2.540,-4.569,0.000,4.976,ngd,75,205442305.009,0.145,-6.000,-0.967,0,0,fn
s,-3.018,"[-4.094, -1.943]",1.076,-4.674,0.000,4.976,ngd,75,205442305.009,0.145,-3.000,-0.018,0,0,fn
vot,0.193,,,,,4.976,ngd,75,205442305.009,0.145,0.167,0.026,0,0,fn
tt,-0.907,"[-1.193, -0.621]",0.286,-5.281,0.000,5.512,lm,75,138913401.601,0.119,-1.000,0.093,0,0,fn
c,-5.446,"[-6.942, -3.95]",1.496,-6.065,0.000,5.512,lm,75,138913401.601,0.119,-6.000,0.554,0,0,fn
s,-2.973,"[-3.739, -2.206]",0.767,-6.459,0.000,5.512,lm,75,138913401.601,0.119,-3.000,0.027,0,0,fn
vot,0.167,,,,,5.512,lm,75,138913401.601,0.119,0.167,-0.000,0,0,fn
tt,-0.907,"[-1.193, -0.621]",0.286,-5.281,0.000,10.388,ngd+lm,75,138913401.595,0.119,-1.000,0.093,0,0,fn
c,-5.446,"[-6.942, -3.95]",1.496,-6.065,0.000,10.388,ngd+lm,75,138913401.595,0.119,-6.000,0.554,0,0,fn
s,-2.973,"[-3.739, -2.206]",0.767,-6.459,0.000,10.388,ngd+lm,75,138913401.595,0.119,-3.000,0.027,0,0,fn
vot,0.167,,,,,10.388,ngd+lm,75,138913401.595,0.119,0.167,-0.000,0,0,fn
tt,-1.407,"[-1.859, -0.955]",0.452,-5.188,0.000,4.968,ngd,76,278169326.857,0.176,-1.000,-0.407,0,0,fn
c,-6.939,"[-9.281, -4.598]",2.342,-4.937,0.000,4.968,ngd,76,278169326.857,0.176,-6.000,-0.939,0,0,fn
s,-3.746,"[-5.0, -2.492]",1.254,-4.976,0.000,4.968,ngd,76,278169326.857,0.176,-3.000,-0.746,0,0,fn
vot,0.203,,,,,4.968,ngd,76,278169326.857,0.176,0.167,0.036,0,0,fn
tt,0.034,"[-0.252, 0.32]",0.286,0.198,0.843,5.341,lm,76,1597048505.435,0.421,-1.000,1.034,1,0,fn
c,-6.548,"[-13.618, 0.522]",7.070,-1.543,0.127,5.341,lm,76,1597048505.435,0.421,-6.000,-0.548,1,0,fn
s,-4.500,"[-9.193, 0.193]",4.693,-1.598,0.114,5.341,lm,76,1597048505.435,0.421,-3.000,-1.500,1,0,fn
vot,-0.005,,,,,5.341,lm,76,1597048505.435,0.421,0.167,-0.172,0,0,fn
tt,-1.109,"[-1.431, -0.788]",0.321,-5.756,0.000,10.450,ngd+lm,76,237693822.157,0.162,-1.000,-0.109,0,0,fn
c,-6.603,"[-8.652, -4.555]",2.048,-5.371,0.000,10.450,ngd+lm,76,237693822.157,0.162,-6.000,-0.603,0,0,fn
s,-3.407,"[-4.479, -2.335]",1.072,-5.295,0.000,10.450,ngd+lm,76,237693822.157,0.162,-3.000,-0.407,0,0,fn
vot,0.168,,,,,10.450,ngd+lm,76,237693822.157,0.162,0.167,0.001,0,0,fn
tt,-1.041,"[-1.469, -0.613]",0.428,-4.049,0.000,4.853,ngd,77,244431151.358,0.161,-1.000,-0.041,0,0,fn
c,-6.218,"[-9.012, -3.423]",2.795,-3.707,0.000,4.853,ngd,77,244431151.358,0.161,-6.000,-0.218,0,0,fn
s,-3.347,"[-4.77, -1.925]",1.423,-3.920,0.000,4.853,ngd,77,244431151.358,0.161,-3.000,-0.347,0,0,fn
vot,0.167,,,,,4.853,ngd,77,244431151.358,0.161,0.167,0.001,0,0,fn
tt,-1.039,"[-1.453, -0.625]",0.414,-4.183,0.000,5.599,lm,77,220681020.945,0.153,-1.000,-0.039,0,0,fn
c,-5.388,"[-7.769, -3.008]",2.380,-3.771,0.000,5.599,lm,77,220681020.945,0.153,-6.000,0.612,0,0,fn
s,-2.862,"[-4.062, -1.661]",1.200,-3.972,0.000,5.599,lm,77,220681020.945,0.153,-3.000,0.138,0,0,fn
vot,0.193,,,,,5.599,lm,77,220681020.945,0.153,0.167,0.026,0,0,fn
tt,-1.039,"[-1.453, -0.625]",0.414,-4.183,0.000,10.345,ngd+lm,77,220681020.945,0.153,-1.000,-0.039,0,0,fn
c,-5.388,"[-7.769, -3.008]",2.380,-3.771,0.000,10.345,ngd+lm,77,220681020.945,0.153,-6.000,0.612,0,0,fn
s,-2.862,"[-4.062, -1.661]",1.200,-3.972,0.000,10.345,ngd+lm,77,220681020.945,0.153,-3.000,0.138,0,0,fn
vot,0.193,,,,,10.345,ngd+lm,77,220681020.945,0.153,0.167,0.026,0,0,fn
tt,-0.983,"[-1.363, -0.604]",0.380,-4.315,0.000,4.792,ngd,78,204040837.945,0.147,-1.000,0.017,0,0,fn
c,-5.161,"[-7.184, -3.139]",2.022,-4.252,0.000,4.792,ngd,78,204040837.945,0.147,-6.000,0.839,0,0,fn
s,-3.086,"[-4.16, -2.013]",1.074,-4.789,0.000,4.792,ngd,78,204040837.945,0.147,-3.000,-0.086,0,0,fn
vot,0.190,,,,,4.792,ngd,78,204040837.945,0.147,0.167,0.024,0,0,fn
tt,-0.738,"[-1.003, -0.473]",0.265,-4.633,0.000,5.401,lm,78,167833708.554,0.133,-1.000,0.262,0,0,fn
c,-4.646,"[-6.184, -3.108]",1.538,-5.032,0.000,5.401,lm,78,167833708.554,0.133,-6.000,1.354,0,0,fn
s,-2.588,"[-3.398, -1.778]",0.810,-5.325,0.000,5.401,lm,78,167833708.554,0.133,-3.000,0.412,0,0,fn
vot,0.159,,,,,5.401,lm,78,167833708.554,0.133,0.167,-0.008,0,0,fn
tt,-0.738,"[-1.003, -0.473]",0.265,-4.633,0.000,10.144,ngd+lm,78,167833708.554,0.133,-1.000,0.262,0,0,fn
c,-4.646,"[-6.184, -3.108]",1.538,-5.032,0.000,10.144,ngd+lm,78,167833708.554,0.133,-6.000,1.354,0,0,fn
s,-2.588,"[-3.398, -1.778]",0.810,-5.325,0.000,10.144,ngd+lm,78,167833708.554,0.133,-3.000,0.412,0,0,fn
vot,0.159,,,,,10.144,ngd+lm,78,167833708.554,0.133,0.167,-0.008,0,0,fn
tt,-0.608,"[-0.816, -0.401]",0.207,-4.895,0.000,4.973,ngd,79,206745567.569,0.145,-1.000,0.392,0,0,fn
c,-4.997,"[-6.5, -3.493]",1.504,-5.536,0.000,4.973,ngd,79,206745567.569,0.145,-6.000,1.003,0,0,fn
s,-2.584,"[-3.406, -1.762]",0.822,-5.238,0.000,4.973,ngd,79,206745567.569,0.145,-3.000,0.416,0,0,fn
vot,0.122,,,,,4.973,ngd,79,206745567.569,0.145,0.167,-0.045,0,0,fn
tt,-1.204,"[-1.549, -0.858]",0.345,-5.806,0.000,5.278,lm,79,126238225.154,0.113,-1.000,-0.204,0,0,fn
c,-7.126,"[-9.048, -5.203]",1.922,-6.175,0.000,5.278,lm,79,126238225.154,0.113,-6.000,-1.126,0,0,fn
s,-3.608,"[-4.622, -2.594]",1.014,-5.927,0.000,5.278,lm,79,126238225.154,0.113,-3.000,-0.608,0,0,fn
vot,0.169,,,,,5.278,lm,79,126238225.154,0.113,0.167,0.002,0,0,fn
tt,-1.204,"[-1.549, -0.858]",0.345,-5.806,0.000,10.148,ngd+lm,79,126238225.154,0.113,-1.000,-0.204,0,0,fn
c,-7.126,"[-9.048, -5.203]",1.922,-6.175,0.000,10.148,ngd+lm,79,126238225.154,0.113,-6.000,-1.126,0,0,fn
s,-3.608,"[-4.622, -2.594]",1.014,-5.927,0.000,10.148,ngd+lm,79,126238225.154,0.113,-3.000,-0.608,0,0,fn
vot,0.169,,,,,10.148,ngd+lm,79,126238225.154,0.113,0.167,0.002,0,0,fn
tt,-1.041,"[-1.37, -0.712]",0.329,-5.266,0.000,4.996,ngd,80,158581153.366,0.128,-1.000,-0.041,0,0,fn
c,-7.551,"[-9.654, -5.447]",2.103,-5.981,0.000,4.996,ngd,80,158581153.366,0.128,-6.000,-1.551,0,0,fn
s,-3.557,"[-4.677, -2.438]",1.119,-5.294,0.000,4.996,ngd,80,158581153.366,0.128,-3.000,-0.557,0,0,fn
vot,0.138,,,,,4.996,ngd,80,158581153.366,0.128,0.167,-0.029,0,0,fn
tt,-1.149,"[-1.514, -0.784]",0.365,-5.248,0.000,5.389,lm,80,145175380.022,0.123,-1.000,-0.149,0,0,fn
c,-7.089,"[-8.944, -5.234]",1.855,-6.366,0.000,5.389,lm,80,145175380.022,0.123,-6.000,-1.089,0,0,fn
s,-3.456,"[-4.53, -2.382]",1.074,-5.359,0.000,5.389,lm,80,145175380.022,0.123,-3.000,-0.456,0,0,fn
vot,0.162,,,,,5.389,lm,80,145175380.022,0.123,0.167,-0.005,0,0,fn
tt,-1.149,"[-1.514, -0.784]",0.365,-5.248,0.000,10.232,ngd+lm,80,145175380.022,0.123,-1.000,-0.149,0,0,fn
c,-7.089,"[-8.944, -5.234]",1.855,-6.366,0.000,10.232,ngd+lm,80,145175380.022,0.123,-6.000,-1.089,0,0,fn
s,-3.456,"[-4.53, -2.382]",1.074,-5.359,0.000,10.232,ngd+lm,80,145175380.022,0.123,-3.000,-0.456,0,0,fn
vot,0.162,,,,,10.232,ngd+lm,80,145175380.022,0.123,0.167,-0.005,0,0,fn
tt,-0.826,"[-1.181, -0.47]",0.356,-3.867,0.000,4.944,ngd,81,270966010.079,0.164,-1.000,0.174,0,0,fn
c,-6.860,"[-9.944, -3.777]",3.083,-3.707,0.000,4.944,ngd,81,270966010.079,0.164,-6.000,-0.860,0,0,fn
s,-3.530,"[-5.236, -1.824]",1.706,-3.448,0.001,4.944,ngd,81,270966010.079,0.164,-3.000,-0.530,0,0,fn
vot,0.120,,,,,4.944,ngd,81,270966010.079,0.164,0.167,-0.046,0,0,fn
tt,-0.843,"[-1.133, -0.552]",0.291,-4.829,0.000,5.359,lm,81,224276998.900,0.149,-1.000,0.157,0,0,fn
c,-5.353,"[-7.245, -3.462]",1.892,-4.715,0.000,5.359,lm,81,224276998.900,0.149,-6.000,0.647,0,0,fn
s,-2.589,"[-3.508, -1.67]",0.919,-4.693,0.000,5.359,lm,81,224276998.900,0.149,-3.000,0.411,0,0,fn
vot,0.157,,,,,5.359,lm,81,224276998.900,0.149,0.167,-0.009,0,0,fn
tt,-0.843,"[-1.133, -0.552]",0.291,-4.829,0.000,10.208,ngd+lm,81,224276998.900,0.149,-1.000,0.157,0,0,fn
c,-5.353,"[-7.245, -3.462]",1.892,-4.715,0.000,10.208,ngd+lm,81,224276998.900,0.149,-6.000,0.647,0,0,fn
s,-2.589,"[-3.508, -1.67]",0.919,-4.693,0.000,10.208,ngd+lm,81,224276998.900,0.149,-3.000,0.411,0,0,fn
vot,0.157,,,,,10.208,ngd+lm,81,224276998.900,0.149,0.167,-0.009,0,0,fn
tt,-1.199,"[-1.627, -0.77]",0.428,-4.661,0.000,5.001,ngd,82,238432080.661,0.159,-1.000,-0.199,0,0,fn
c,-6.282,"[-8.642, -3.922]",2.360,-4.435,0.000,5.001,ngd,82,238432080.661,0.159,-6.000,-0.282,0,0,fn
s,-2.807,"[-3.804, -1.81]",0.997,-4.691,0.000,5.001,ngd,82,238432080.661,0.159,-3.000,0.193,0,0,fn
vot,0.191,,,,,5.001,ngd,82,238432080.661,0.159,0.167,0.024,0,0,fn
tt,-1.158,"[-1.562, -0.753]",0.405,-4.767,0.000,5.354,lm,82,184964376.293,0.140,-1.000,-0.158,0,0,fn
c,-7.725,"[-10.408, -5.042]",2.683,-4.796,0.000,5.354,lm,82,184964376.293,0.140,-6.000,-1.725,0,0,fn
s,-3.511,"[-4.641, -2.381]",1.130,-5.177,0.000,5.354,lm,82,184964376.293,0.140,-3.000,-0.511,0,0,fn
vot,0.150,,,,,5.354,lm,82,184964376.293,0.140,0.167,-0.017,0,0,fn
tt,-1.158,"[-1.562, -0.753]",0.405,-4.767,0.000,10.305,ngd+lm,82,184964376.145,0.140,-1.000,-0.158,0,0,fn
c,-7.725,"[-10.408, -5.042]",2.683,-4.796,0.000,10.305,ngd+lm,82,184964376.145,0.140,-6.000,-1.725,0,0,fn
s,-3.511,"[-4.641, -2.381]",1.130,-5.177,0.000,10.305,ngd+lm,82,184964376.145,0.140,-3.000,-0.511,0,0,fn
vot,0.150,,,,,10.305,ngd+lm,82,184964376.145,0.140,0.167,-0.017,0,0,fn
tt,-0.778,"[-1.077, -0.479]",0.299,-4.336,0.000,4.973,ngd,83,351988506.547,0.189,-1.000,0.222,0,0,fn
c,-6.023,"[-8.224, -3.822]",2.201,-4.559,0.000,4.973,ngd,83,351988506.547,0.189,-6.000,-0.023,0,0,fn
s,-2.641,"[-3.572, -1.71]",0.931,-4.725,0.000,4.973,ngd,83,351988506.547,0.189,-3.000,0.359,0,0,fn
vot,0.129,,,,,4.973,ngd,83,351988506.547,0.189,0.167,-0.038,0,0,fn
tt,-0.061,"[-0.276, 0.154]",0.215,-0.472,0.639,5.477,lm,83,2075223667.299,0.460,-1.000,0.939,1,0,fn
c,-6.338,"[-11.795, -0.88]",5.458,-1.935,0.057,5.477,lm,83,2075223667.299,0.460,-6.000,-0.338,0,0,fn
s,-1.740,"[-3.186, -0.295]",1.446,-2.005,0.049,5.477,lm,83,2075223667.299,0.460,-3.000,1.260,0,0,fn
vot,0.010,,,,,5.477,lm,83,2075223667.299,0.460,0.167,-0.157,0,0,fn
tt,-0.821,"[-1.035, -0.607]",0.214,-6.395,0.000,10.239,ngd+lm,83,176696110.750,0.134,-1.000,0.179,0,0,fn
c,-4.341,"[-5.524, -3.157]",1.183,-6.111,0.000,10.239,ngd+lm,83,176696110.750,0.134,-6.000,1.659,0,0,fn
s,-2.337,"[-2.934, -1.739]",0.597,-6.518,0.000,10.239,ngd+lm,83,176696110.750,0.134,-3.000,0.663,0,0,fn
vot,0.189,,,,,10.239,ngd+lm,83,176696110.750,0.134,0.167,0.023,0,0,fn
